Species,141,142,143,144,145,146,147,148,149,1410,1411,1412,1413,1414,1415,1416,1417,1418,1419,1420,1421,1422,1423,1424,1425
Thylacinus_cynocephalus,7.673541243,7.673541243,7.673541243,7.673541243,7.673541243,7.673541243,7.673541243,7.673541243,7.673541243,7.673541243,7.673541243,7.673541243,7.673541243,7.673541243,7.673541243,7.673541243,7.673541243,7.673541243,7.673541243,7.673541243,7.673541243,7.673541243,7.673541243,7.673541243,7.673541243
Dasyurus_maculatus,5.918538929,5.918538929,5.918538929,5.918538929,5.918538929,5.918538929,5.918538929,5.918538929,5.918538929,5.918538929,5.918538929,5.918538929,5.918538929,5.918538929,5.918538929,5.918538929,5.918538929,5.918538929,5.918538929,5.918538929,5.918538929,5.918538929,5.918538929,5.918538929,5.918538929
Dasyurus_viverrinus,1.88,1.88,1.88,1.88,1.88,1.88,1.88,1.88,1.88,1.88,1.88,1.88,1.88,1.88,1.88,1.88,1.88,1.88,1.88,1.88,1.88,1.88,1.88,1.88,1.88
Pseudocheirus_peregrinus,1.358248299,1.358248299,1.358248299,1.358248299,1.358248299,1.358248299,1.358248299,1.358248299,1.358248299,1.358248299,1.358248299,1.358248299,1.358248299,1.358248299,1.358248299,1.358248299,1.358248299,1.358248299,1.358248299,1.358248299,1.358248299,1.358248299,1.358248299,1.358248299,1.358248299
Spilocuscus_maculatus,3.313405693,3.313405693,3.313405693,3.313405693,3.313405693,3.313405693,3.313405693,3.313405693,3.313405693,3.313405693,3.313405693,3.313405693,3.313405693,3.313405693,3.313405693,3.313405693,3.313405693,3.313405693,3.313405693,3.313405693,3.313405693,3.313405693,3.313405693,3.313405693,3.313405693
Trichosurus_vulpecula,1.893631523,1.893631523,1.893631523,1.893631523,1.893631523,1.893631523,1.893631523,1.893631523,1.893631523,1.893631523,1.893631523,1.893631523,1.893631523,1.893631523,1.893631523,1.893631523,1.893631523,1.893631523,1.893631523,1.893631523,1.893631523,1.893631523,1.893631523,1.893631523,1.893631523
Hypsiprymnodon_moschatus,1.430349122,1.430349122,1.430349122,1.430349122,1.430349122,1.430349122,1.430349122,1.430349122,1.430349122,1.430349122,1.430349122,1.430349122,1.430349122,1.430349122,1.430349122,1.430349122,1.430349122,1.430349122,1.430349122,1.430349122,1.430349122,1.430349122,1.430349122,1.430349122,1.430349122
Aepyprymnus_rufescens,3.168783432,3.168783432,3.168783432,3.168783432,3.168783432,3.168783432,3.168783432,3.168783432,3.168783432,3.168783432,3.168783432,3.168783432,3.168783432,3.168783432,3.168783432,3.168783432,3.168783432,3.168783432,3.168783432,3.168783432,3.168783432,3.168783432,3.168783432,3.168783432,3.168783432
Bettongia_penicillata,1.982907247,1.982907247,1.982907247,1.982907247,1.982907247,1.982907247,1.982907247,1.982907247,1.982907247,1.982907247,1.982907247,1.982907247,1.982907247,1.982907247,1.982907247,1.982907247,1.982907247,1.982907247,1.982907247,1.982907247,1.982907247,1.982907247,1.982907247,1.982907247,1.982907247
Bettongia_tropica,1.739470864,1.739470864,1.739470864,1.739470864,1.739470864,1.739470864,1.739470864,1.739470864,1.739470864,1.739470864,1.739470864,1.739470864,1.739470864,1.739470864,1.739470864,1.739470864,1.739470864,1.739470864,1.739470864,1.739470864,1.739470864,1.739470864,1.739470864,1.739470864,1.739470864
Dendrolagus_bennettianus,6.876504428,6.876504428,6.876504428,6.876504428,6.876504428,6.876504428,6.876504428,6.876504428,6.876504428,6.876504428,6.876504428,6.876504428,6.876504428,6.876504428,6.876504428,6.876504428,6.876504428,6.876504428,6.876504428,6.876504428,6.876504428,6.876504428,6.876504428,6.876504428,6.876504428
Dendrolagus_goodfellowi,7.322560469,7.322560469,7.322560469,7.322560469,7.322560469,7.322560469,7.322560469,7.322560469,7.322560469,7.322560469,7.322560469,7.322560469,7.322560469,7.322560469,7.322560469,7.322560469,7.322560469,7.322560469,7.322560469,7.322560469,7.322560469,7.322560469,7.322560469,7.322560469,7.322560469
Dendrolagus_lumholtzi,4.663876695,4.663876695,4.663876695,4.663876695,4.663876695,4.663876695,4.663876695,4.663876695,4.663876695,4.663876695,4.663876695,4.663876695,4.663876695,4.663876695,4.663876695,4.663876695,4.663876695,4.663876695,4.663876695,4.663876695,4.663876695,4.663876695,4.663876695,4.663876695,4.663876695
Dendrolagus_matschiei,5.126550095,5.126550095,5.126550095,5.126550095,5.126550095,5.126550095,5.126550095,5.126550095,5.126550095,5.126550095,5.126550095,5.126550095,5.126550095,5.126550095,5.126550095,5.126550095,5.126550095,5.126550095,5.126550095,5.126550095,5.126550095,5.126550095,5.126550095,5.126550095,5.126550095
Dorcopsulus_vanheurni,3.211424438,3.211424438,3.211424438,3.211424438,3.211424438,3.211424438,3.211424438,3.211424438,3.211424438,3.211424438,3.211424438,3.211424438,3.211424438,3.211424438,3.211424438,3.211424438,3.211424438,3.211424438,3.211424438,3.211424438,3.211424438,3.211424438,3.211424438,3.211424438,3.211424438
Lagorchestes_conspicillatus,4.277128282,4.277128282,4.277128282,4.277128282,4.277128282,4.277128282,4.277128282,4.277128282,4.277128282,4.277128282,4.277128282,4.277128282,4.277128282,4.277128282,4.277128282,4.277128282,4.277128282,4.277128282,4.277128282,4.277128282,4.277128282,4.277128282,4.277128282,4.277128282,4.277128282
Lagorchestes_hirsutus,1.800080794,1.800080794,1.800080794,1.800080794,1.800080794,1.800080794,1.800080794,1.800080794,1.800080794,1.800080794,1.800080794,1.800080794,1.800080794,1.800080794,1.800080794,1.800080794,1.800080794,1.800080794,1.800080794,1.800080794,1.800080794,1.800080794,1.800080794,1.800080794,1.800080794
Lagostrophus_fasciatus,2.130212177,2.130212177,2.130212177,2.130212177,2.130212177,2.130212177,2.130212177,2.130212177,2.130212177,2.130212177,2.130212177,2.130212177,2.130212177,2.130212177,2.130212177,2.130212177,2.130212177,2.130212177,2.130212177,2.130212177,2.130212177,2.130212177,2.130212177,2.130212177,2.130212177
Macropus_fuliginosus,6.509138571,6.509138571,6.509138571,6.509138571,6.509138571,6.509138571,6.509138571,6.509138571,6.509138571,6.509138571,6.509138571,6.509138571,6.509138571,6.509138571,6.509138571,6.509138571,6.509138571,6.509138571,6.509138571,6.509138571,6.509138571,6.509138571,6.509138571,6.509138571,6.509138571
Macropus_giganteus,9.363598954,9.363598954,9.363598954,9.363598954,9.363598954,9.363598954,9.363598954,9.363598954,9.363598954,9.363598954,9.363598954,9.363598954,9.363598954,9.363598954,9.363598954,9.363598954,9.363598954,9.363598954,9.363598954,9.363598954,9.363598954,9.363598954,9.363598954,9.363598954,9.363598954
Notamacropus_agilis,3.461568492,3.461568492,3.461568492,3.461568492,3.461568492,3.461568492,3.461568492,3.461568492,3.461568492,3.461568492,3.461568492,3.461568492,3.461568492,3.461568492,3.461568492,3.461568492,3.461568492,3.461568492,3.461568492,3.461568492,3.461568492,3.461568492,3.461568492,3.461568492,3.461568492
Notamacropus_irma,3.90942711,3.90942711,3.90942711,3.90942711,3.90942711,3.90942711,3.90942711,3.90942711,3.90942711,3.90942711,3.90942711,3.90942711,3.90942711,3.90942711,3.90942711,3.90942711,3.90942711,3.90942711,3.90942711,3.90942711,3.90942711,3.90942711,3.90942711,3.90942711,3.90942711
Onychogalea_fraenata,4.548281246,4.548281246,4.548281246,4.548281246,4.548281246,4.548281246,4.548281246,4.548281246,4.548281246,4.548281246,4.548281246,4.548281246,4.548281246,4.548281246,4.548281246,4.548281246,4.548281246,4.548281246,4.548281246,4.548281246,4.548281246,4.548281246,4.548281246,4.548281246,4.548281246
Onychogalea_unguifera,3.81191938,3.81191938,3.81191938,3.81191938,3.81191938,3.81191938,3.81191938,3.81191938,3.81191938,3.81191938,3.81191938,3.81191938,3.81191938,3.81191938,3.81191938,3.81191938,3.81191938,3.81191938,3.81191938,3.81191938,3.81191938,3.81191938,3.81191938,3.81191938,3.81191938
Osphranter_antilopinus,7.373301363,7.373301363,7.373301363,7.373301363,7.373301363,7.373301363,7.373301363,7.373301363,7.373301363,7.373301363,7.373301363,7.373301363,7.373301363,7.373301363,7.373301363,7.373301363,7.373301363,7.373301363,7.373301363,7.373301363,7.373301363,7.373301363,7.373301363,7.373301363,7.373301363
Osphranter_robustus,7.695375586,7.695375586,7.695375586,7.695375586,7.695375586,7.695375586,7.695375586,7.695375586,7.695375586,7.695375586,7.695375586,7.695375586,7.695375586,7.695375586,7.695375586,7.695375586,7.695375586,7.695375586,7.695375586,7.695375586,7.695375586,7.695375586,7.695375586,7.695375586,7.695375586
Osphranter_rufus,9.896178671,9.896178671,9.896178671,9.896178671,9.896178671,9.896178671,9.896178671,9.896178671,9.896178671,9.896178671,9.896178671,9.896178671,9.896178671,9.896178671,9.896178671,9.896178671,9.896178671,9.896178671,9.896178671,9.896178671,9.896178671,9.896178671,9.896178671,9.896178671,9.896178671
Petrogale_brachyotis,3.884668484,3.884668484,3.884668484,3.884668484,3.884668484,3.884668484,3.884668484,3.884668484,3.884668484,3.884668484,3.884668484,3.884668484,3.884668484,3.884668484,3.884668484,3.884668484,3.884668484,3.884668484,3.884668484,3.884668484,3.884668484,3.884668484,3.884668484,3.884668484,3.884668484
Petrogale_penicillata,5.126550095,5.126550095,5.126550095,5.126550095,5.126550095,5.126550095,5.126550095,5.126550095,5.126550095,5.126550095,5.126550095,5.126550095,5.126550095,5.126550095,5.126550095,5.126550095,5.126550095,5.126550095,5.126550095,5.126550095,5.126550095,5.126550095,5.126550095,5.126550095,5.126550095
Petrogale_persephone,5.918538929,5.918538929,5.918538929,5.918538929,5.918538929,5.918538929,5.918538929,5.918538929,5.918538929,5.918538929,5.918538929,5.918538929,5.918538929,5.918538929,5.918538929,5.918538929,5.918538929,5.918538929,5.918538929,5.918538929,5.918538929,5.918538929,5.918538929,5.918538929,5.918538929
Potorous_tridactylus,2.921138704,2.921138704,2.921138704,2.921138704,2.921138704,2.921138704,2.921138704,2.921138704,2.921138704,2.921138704,2.921138704,2.921138704,2.921138704,2.921138704,2.921138704,2.921138704,2.921138704,2.921138704,2.921138704,2.921138704,2.921138704,2.921138704,2.921138704,2.921138704,2.921138704
Setonix_brachyurus,3.439159342,3.439159342,3.439159342,3.439159342,3.439159342,3.439159342,3.439159342,3.439159342,3.439159342,3.439159342,3.439159342,3.439159342,3.439159342,3.439159342,3.439159342,3.439159342,3.439159342,3.439159342,3.439159342,3.439159342,3.439159342,3.439159342,3.439159342,3.439159342,3.439159342
Thylogale_stigmatica,2.817727775,2.817727775,2.817727775,2.817727775,2.817727775,2.817727775,2.817727775,2.817727775,2.817727775,2.817727775,2.817727775,2.817727775,2.817727775,2.817727775,2.817727775,2.817727775,2.817727775,2.817727775,2.817727775,2.817727775,2.817727775,2.817727775,2.817727775,2.817727775,2.817727775
Thylogale_thetis,3.830420864,3.830420864,3.830420864,3.830420864,3.830420864,3.830420864,3.830420864,3.830420864,3.830420864,3.830420864,3.830420864,3.830420864,3.830420864,3.830420864,3.830420864,3.830420864,3.830420864,3.830420864,3.830420864,3.830420864,3.830420864,3.830420864,3.830420864,3.830420864,3.830420864
Wallabia_bicolor,2.473566333,2.473566333,2.473566333,2.473566333,2.473566333,2.473566333,2.473566333,2.473566333,2.473566333,2.473566333,2.473566333,2.473566333,2.473566333,2.473566333,2.473566333,2.473566333,2.473566333,2.473566333,2.473566333,2.473566333,2.473566333,2.473566333,2.473566333,2.473566333,2.473566333
'14',3.7819319600201324,3.0067157202376,5.808193953787221,1.4383874860055044,3.6399725583461504,4.138758411920926,3.9433371349673187,5.755487488617648,4.4963915118292945,4.08899547421407,3.3954313833644356,4.773747420887049,5.112300936833678,4.34326772197033,3.454828168550841,4.256080007453153,5.694171919896197,8.02068709248986,2.7797140683095707,2.2086079323194534,0.6853125435156774,0.959996032644702,7.654005315689857,1.6204112027017306,2.819730563930611
'25',10.351622731759306,2.4349999221069027,-0.40776807085216926,4.85578604215505,-2.316516055039762,5.541322801235351,3.012620768628493,-0.0854033753195735,1.153094063785906,6.3679162192507475,5.546489288452823,6.931180090093275,8.643910163122072,8.755042346699362,4.802344313553323,1.9385134706550977,1.9413985490990415,5.030533704626022,4.506616976838631,1.8896102551949236,1.3483040818696073,-2.9725724232935207,3.712649209756362,-5.366077392615198,5.450660067057144
'37',1.9995256492209006,-0.28203677438890196,1.9078772527077876,2.5320148051496822,2.2645774435633332,2.5256148307287085,0.48170166682595167,3.3273219246697514,1.9421872164446674,1.2269246130899727,3.7686339775327027,2.0542740996701565,0.5012467688340344,2.5950306713578195,-1.7526736926442463,1.2774282916074862,2.7037314037750275,1.4900986435318182,1.392554817933313,3.2875001217968536,2.0705421348617077,2.5745698559359442,0.6439669239234754,1.5955203757626015,0.7693939658830768
'36',2.735879781152113,-0.17484460002317354,2.7998016412805717,3.0401764591877027,2.0561486028155778,2.2357106588363145,3.0697976275793217,5.436555372182839,1.8114650960574752,3.218645869243062,4.885551927714767,0.9018354221075933,2.909464207277336,3.452079711445585,-0.015637294302673438,-0.9300931148533829,1.3486330445568164,2.0661108151878405,2.057053171751245,2.189225515967241,2.984662298903278,4.891822829133622,2.095985137844296,-0.2792262425751724,4.451831323233665
'35',0.6959681989806159,0.7693425495970995,3.3707480436735873,3.938177765994826,2.16234528061349,4.180458128896771,3.418792590728703,2.198810778222672,1.3726571486249448,3.9733554379245377,2.5558118067741247,-0.14595336931984532,2.7639545642760366,2.7334083298199134,-0.1174703019964868,-1.440648221567665,2.0446599270985604,-1.3352482676515585,4.4793214792999825,2.3843002322677815,2.380089762484257,3.7916260459891005,0.9380814477657131,1.4787075908169651,3.313505705204514
'34',7.164966786532904,4.457139043662601,4.5717696518933035,5.884136226504759,3.836768086799014,4.238977339846815,5.299504703741884,3.2170705911633175,5.496336369300845,7.768809280435484,8.832047830765134,4.8022564656394024,6.115349510749344,4.102401371180234,5.551250750525321,4.459450914438558,4.459104623171002,3.5893422748735824,6.68770480940093,4.727742029180194,4.1796011858513635,8.305045684423305,4.615962363707549,4.754693868819827,5.6148429253772045
'33',6.489348046714549,3.449203073605002,5.9252048403232545,5.4488590883411545,5.806172748838558,6.616548314685069,6.373436357349809,4.879209987749649,6.427003067634172,7.278342413889393,5.472898639016034,6.43408578139967,7.126513114091789,8.009632534424995,5.3741308973975155,6.432777140253103,6.582472198048695,6.776679783645225,4.52811803930523,6.033075222060647,7.305904629167619,6.257454232024965,5.052361830712402,5.794418641695545,6.5576037659410655
'51',6.535429422504839,1.7708542391716886,4.939045812285197,5.079542725467656,2.32050044870353,1.5807976698700206,7.373696946398505,3.547751515982001,5.064952349145138,4.63476527137021,4.6804175770512035,6.489842280227204,3.685471317442163,8.413842563148739,5.817830698758332,4.167923699954951,3.745949630346867,7.0122973711607095,5.389697144773676,4.6098415875720615,5.707925272722187,3.7175785508463495,4.7321182430255195,4.563013123763112,3.3068036022064957
'57',6.007107799591632,3.012530308653204,3.2863976854423678,3.339435785823476,1.5606020498614477,5.09513623539798,5.306266553986371,4.276236449376944,5.840341107817307,6.638481519566811,9.238397539848354,6.458759216133146,3.9185594665975882,5.773314227583523,0.7564305296334354,-0.36927548741015004,3.832833488942804,6.926340125479528,3.0681281559056184,3.1928794248738086,6.337037753375044,2.2233610245477595,6.487055820426184,4.44795261462747,5.365871454735309
'56',3.96332186115994,2.020549869718518,3.3743266972875103,3.498339767048333,5.966672024730795,4.172402321185251,3.683233070003893,4.720622041272974,-0.28247929224744245,6.589005760409294,2.694452044436689,2.8009397919773575,4.621155150369773,4.325224897909569,6.441195287372804,5.674919634144739,6.57877759571936,2.9154228806240594,2.53747303881686,7.897942234607907,4.858166551299818,2.5214258487991086,6.316238419460661,2.7927557508419607,1.7486910990538354
'63',9.562642473032321,6.339166168830399,6.896629073985311,8.83459826530063,9.19104644269141,6.733891732695106,4.513687144630802,7.155243974073279,6.830025267533283,9.5114077885062,9.030600064379145,5.571603461123376,7.732942685041499,6.207438245800798,6.94861746582831,7.221786893651279,5.858604645171709,7.706226123247491,6.880942698448587,9.613118340411408,7.71429308774268,9.443099149664894,6.907997477464539,8.416171557338384,9.311214089601691
'73',7.511403254428707,8.314811232421034,8.31313034624291,7.720421181815623,7.861650908372258,5.986559880827829,8.846774651081489,7.5020530683697935,7.926495009707856,7.725365953357468,5.949779033573428,6.53732544755413,6.199033773145838,8.99003622096963,7.801132749790092,10.750409114759147,8.371658833607444,7.435750187756414,7.189811907549914,7.519084017720257,9.223036590842016,8.001807985197168,9.832142899395079,7.90376387778603,7.5684904602757195
'84',3.486804336807318,2.4193853669253507,3.383252192852588,2.05130012609813,2.6232824794469773,2.3321435672398088,2.864688428103919,4.82990734118256,2.9235871497983976,2.226342947408007,4.791956066335799,3.786399428785562,2.168951976192411,1.852017325848833,3.0046016837116616,4.446579431929066,2.9446091579328657,2.5470235741899,-0.07662287590083942,2.1086649478841974,1.725864604442762,2.5265620346060778,4.158506540133446,2.4257937310486395,3.8284787910137963
'82',4.33029725301308,3.210878455732368,4.503586169107602,4.297074946823628,2.3346296956723496,4.644694343191606,2.9298827097786275,3.587001271076635,4.211267548735089,4.637870679793484,3.9958541358158164,4.6213834184328695,3.498981230806259,3.5876568170450396,3.9632324794527714,4.584689879885383,4.500006055479096,4.809166802220935,4.46650960507279,3.7922506481165854,4.164423645809473,3.376002896521038,4.686048755777908,3.6692555635617876,4.954985857475979
'13',6.063383753063179,7.543109191678109,5.664329280544414,-5.948042426318574,-1.2400619104342177,1.6444078515886247,2.236776558650599,3.843704429992733,7.107434424730837,16.416084677769387,2.418541659771118,-1.4949687540465213,7.686968672059068,-1.2340629156317604,2.351946542264875,8.946505183263858,3.3513018062282125,4.1635278391277515,9.923803758045125,1.4282904722723326,8.343715184401256,4.873550215638612,9.352414565144581,12.641239655251349,7.623965759099115
'43',6.3067665459569895,4.758598643780867,5.4852781540207936,6.622795188285922,4.0654017946583725,3.853930742008241,3.9836074722706156,3.8179170408384806,5.485889433254055,7.599139464730275,8.862514018234306,4.7653280487359275,5.942509580683318,4.9474334690843955,6.4295388046709,5.204524117381835,4.181070709183992,2.566127177075488,5.55466824213326,5.524931077159524,3.9126107816140947,8.118117240549294,4.346200249723854,4.6593938614890975,5.371095037268446
'50',6.331571937015545,2.3083198286642963,6.287133828514103,5.9210501380879705,2.240084900121699,1.2970744145959405,7.0511628012743754,3.1585887611749084,6.719344782447923,4.39129761987629,6.546470192949407,5.09200814412356,4.558428665807913,6.166798625696746,7.2573392501021665,3.266991740317852,3.612947870887028,8.361124201545495,4.578456942806209,4.693498830280914,4.444249327049135,4.06198430419391,5.389006232862305,4.778611747624197,3.6180485181707045
'48',2.6290715813063064,2.5789737105135426,4.4768129278632225,3.1521581673231305,5.890582325670502,3.8441143705978162,4.773754574355527,3.4050839846872725,0.7063299152809779,5.774252928485133,2.7671840014796203,2.8465792701928714,6.707316398356001,3.582805969458367,5.263008492917548,4.845138766103441,6.2424466271877455,3.843489474460849,2.5579536873527537,6.1435929367631,4.333533343914851,2.8705138661423324,6.090824138152714,3.173197050641072,1.56398475104434
'47',11.209089752245347,6.624195795726717,8.630206847572598,9.103132008392485,11.020834828673578,8.640661544275007,6.455828770295573,8.20364827849348,6.63689668393212,9.563786007232336,10.508699128453964,7.189141934130155,6.063472212269794,6.908950012883081,6.295124343436849,8.451170302615715,7.163481408941271,8.767545601761524,7.4027154578774175,8.72342830575353,7.733786801741583,8.687685459390224,6.843364773359287,9.054432311455797,9.688864758570281
'49',6.331571937015545,2.3083198286642963,6.287133828514103,5.9210501380879705,2.240084900121699,1.2970744145959405,7.0511628012743754,3.1585887611749084,6.719344782447923,4.39129761987629,6.546470192949407,5.09200814412356,4.558428665807913,6.166798625696746,7.2573392501021665,3.266991740317852,3.612947870887028,8.361124201545495,4.578456942806209,4.693498830280914,4.444249327049135,4.06198430419391,5.389006232862305,4.778611747624197,3.6180485181707045
'68',4.5008949083755185,3.745517935174265,5.14538467876098,4.039439054581448,7.005290911865608,4.560434580158977,4.699281627619068,2.814072656128534,2.641068591208829,6.744920553960037,4.239036514347081,4.622122245203643,5.747817169484595,3.769861208394802,5.830281706584968,6.325073349682354,7.563158047702826,4.812107001183117,3.1836873864663535,6.016997992492003,5.350557600544913,3.314934298498447,4.694255739167637,4.470228745122543,3.086004290120223
'60',6.048562970325008,2.0111900664094264,5.637265436055136,5.776101607843315,2.62989318244815,2.208535911876013,6.8406528830818685,2.776185718867031,6.658778320222651,5.1530710305698,7.634705934552448,6.2461062873865485,5.513860044916555,4.515648595997169,4.345175323195335,1.9860036114715955,4.755197930275799,7.46970240409677,4.790305348296517,4.885138977466879,5.316444692799887,3.4235239571790674,5.701477495183148,5.294285079662658,4.689770195648003
'72',6.233387282087595,4.994133491279212,5.759854755778508,4.356714457161391,7.594773459135798,3.873480721538087,5.42651292378424,3.1567844438623855,2.678964612470344,6.8487243951902474,4.961805756308454,5.001373891524224,6.620512974018368,4.44455199150825,4.701377608196831,6.531565489159453,8.219400649881662,5.189216725491391,4.147808199763393,5.384071891964011,4.632473428004376,3.425649141577979,5.772290349524404,5.781800347920609,2.7745672154842738
'87',6.357260151838082,3.3660535100339866,5.971616683935283,4.589434963430754,6.31426747206301,3.0892869120294866,3.6858331551985124,4.537026084611459,4.136328764254411,7.375874705088249,4.545479731280071,4.142586343494636,6.277256030319594,2.726616826544812,3.1200304084296944,7.6162535926761805,8.399616571618518,5.875097081313992,3.0315445429289696,5.238942238464131,3.4351566902141655,4.012464114922342,5.257978697823171,1.908747989403517,4.646359107452974
'83',5.658550797210662,3.0718062736637015,6.079089748479423,4.368400658679667,6.677821832136301,2.614576432139093,5.055583262104633,4.0282494416256185,4.650849518524016,6.036661382834695,4.354304993575902,3.8989644917462023,6.305834005083682,4.081414627164094,4.148344092262599,7.299577779895402,7.649970853593364,4.443743298132302,3.660295854982394,4.012686288379004,4.721848726374239,4.094425602903076,4.67045343491485,1.3758844762602798,3.4931604365656064
'80',5.658550797210662,3.0718062736637015,6.079089748479423,4.368400658679667,6.677821832136301,2.614576432139093,5.055583262104633,4.0282494416256185,4.650849518524016,6.036661382834695,4.354304993575902,3.8989644917462023,6.305834005083682,4.081414627164094,4.148344092262599,7.299577779895402,7.649970853593364,4.443743298132302,3.660295854982394,4.012686288379004,4.721848726374239,4.094425602903076,4.67045343491485,1.3758844762602798,3.4931604365656064
'79',5.748507800666319,2.2500548931025066,6.0458585553218995,5.3585389772401895,4.295549511321494,2.3117705922394336,6.33105083767288,2.766964504602339,5.293520423496847,5.769052847277881,6.411558835992128,5.35707869360327,5.423573773484098,5.369283656989693,4.437339247814289,4.131810811065427,5.392618021091154,7.075162576945892,4.497886916798716,4.1022096145565525,5.488039374182273,4.267991695982514,5.39570462897144,4.294200059544354,4.346115940833303
'94',6.112112572899337,2.17795292982708,5.046949518694446,3.965360666747452,3.1140421196844916,1.6778037945540183,5.492051946164474,1.7697792104268024,2.82087844160392,6.2060931414040725,6.352084110807102,4.667384725671707,6.0323799606417055,6.19723015682249,5.305230124926883,3.773251244413159,6.047992528027691,6.947568882035783,4.1147493095434475,3.8051179435033395,4.641822122203907,4.130927708451777,4.677118995395085,3.9650285952796853,4.590625750212634
'92',5.39622103556936,0.8334752445447908,5.361838187593335,4.248514494337503,5.729235002819966,0.41998749152854375,2.7912886810139765,5.187373923102474,1.2537022374288582,6.25791708977046,4.483890334647982,2.490405192711066,4.721006360925122,5.963864984552206,1.1164922490624645,-0.6283644206906434,4.0011212136660195,1.1484792847193852,-1.183769082260068,0.598900706089044,7.537465497370985,5.135480394666474,3.440616603277857,5.5582517717022215,2.779904114890425
'78',4.566755521524743,2.4527709778487155,4.7877926670786675,4.672278294170046,4.7284917953092345,-0.06570013064796754,2.6224913367409863,4.270827174852017,-0.8041803189219405,5.750564369160764,0.6153015314808435,4.166138658703356,1.1671229926676958,2.6177587902780806,3.7442175679812353,-1.6557318290722756,3.930054465063562,1.439694095559703,1.8074125700725348,0.743879396557632,6.7219874513332885,6.554957794364509,4.036887801207119,0.8166723872117673,2.317587448512549
'98',3.9198508833697097,1.9922146469731323,10.70986765852754,3.802553024520075,-2.2927024309059125,-1.2434719559413998,5.647984056695246,4.960058989312595,-1.4261228689915488,4.564360017448738,-1.6631938019011245,5.322750400768598,5.946162038892367,2.4385763775023763,5.460588328872146,3.609518551161054,3.181469340716751,1.9676160453004339,1.058464202244749,-1.2820216522739791,4.622953499323571,8.255696306498772,3.6356906343981583,3.034909513992332,2.9929402792796305
'97',7.435828161835115,3.1715372560175017,4.941214636457095,7.693862147729501,-3.4928600298010184,4.2133163477251,4.980892628466897,5.110143807391367,3.1965196803041174,6.029693768114661,3.6177599797238673,5.279685395897208,7.23012082198528,4.437180049267045,-0.02338924158936072,4.876565913227925,5.93434124313039,2.831636176778774,4.252172182801854,-7.5285633489699535,-0.3427042822390812,6.00092767924551,8.013319960288177,-0.840659655434812,7.22533671183865
'77',6.920857527475038,3.505012808194587,4.994475999865474,7.608385939352733,-6.220043869146471,2.615392281952523,1.3484134632084048,5.4295064986863295,3.271391376595023,5.990538994306141,0.946717323868896,4.335118473737364,8.062152239874955,2.8741223401060547,-0.6192246885767825,6.62772108802115,2.3530261254479816,4.185837881347155,3.6679401064207156,-6.932106932484071,-0.34870550482756113,4.949421970954927,10.003828224706336,-1.183930547152825,8.883678441708229
Node 69,7.376809899552767,8.561229739655712,7.289422596252592,3.936605552081785,-6.074480207433856,2.331583986127436,1.794772934821536,6.141421528272851,8.975405903735055,9.694297309330281,0.8049786557786228,2.156883611132011,7.758915133036455,4.233283803113941,-0.7255547332400522,7.678589428192302,2.4951230283142225,2.23094484829237,7.254620065356488,-3.9009611299837976,-0.8095029395925615,0.014376615769529246,3.199784659807737,-1.1299078255613253,7.048478538117569
