Individual,Species,dentary,dentary,dentary,dentary,dentary,dentary,scapula,scapula,scapula,scapula,scapula,scapula,scapula,humerus,humerus,humerus,humerus,humerus,femur,femur,femur,femur,Tibia,Calcaneus,Calcaneus,Calcaneus,Calcaneus,Calcaneus,
Thylacinus_cynocephalus_A12447,Thylacinus_cynocephalus,12.92791812,33.95913538,8.314342064,5.361360968,35.02580438,23.60376256,,,,,,,,,,,,,,,,,,,,,,,
Thylacinus_cynocephalus_A3298,Thylacinus_cynocephalus,7.915167689,21.9464413,5.514854148,4.197880689,26.37553684,17.82873342,25.35484528,98.79464643,18.64143273,23.28297919,14.94697401,131.5404038,120.5499282,21.67356002,28.97352161,13.73805128,15.66398538,138.025919,18.56923417,6.750621394,34.81479428,172.8721369,,,,,,,
Thylacinus_cynocephalus_ANU-19-161,Thylacinus_cynocephalus,9.898693956,27.68228714,8.646307909,4.595397823,33.61517019,20.88196338,,,,,,,,,,,,,,,,,,,,,,,
Thylacinus_cynocephalus_F106839,Thylacinus_cynocephalus,,,,,,,,,,,,,,25.18718849,38.28075223,17.16120261,19.7817393,137.3723818,,,,,,,,,,,
Thylacinus_cynocephalus_F106840,Thylacinus_cynocephalus,,,,,,,,,,,,,,,,,,,20.37608875,9.317547527,50.49647162,208.2734968,,,,,,,
Thylacinus_cynocephalus_F106843,Thylacinus_cynocephalus,,,,,,,,,,,,,,32.98565439,47.80256879,23.93685931,24.85807942,136.3942891,,,,,,,,,,,
Thylacinus_cynocephalus_SAMAM1960,Thylacinus_cynocephalus,,,,,,,,,,,,,,,,,,,,,,,185.5748891,40.40874154,17.48721207,17.48112179,11.29348961,19.7719785,
Thylacinus_cynocephalus_SAMAM95,Thylacinus_cynocephalus,12.54199654,32.83502444,7.299846628,5.001653984,36.86846741,22.91927841,30.4251634,130.2841215,23.53258806,29.27253205,17.6725325,125.7037286,127.8761321,26.48163431,36.46721682,18.18981528,18.61704951,135.7005187,24.80287097,7.673541243,46.99750072,208.970395,,,,,,,
Dasyurus_maculatus_J1876,Dasyurus_maculatus,,,,,,,,,,,,,,9.958784811,14.48944588,8.83630405,7.659788106,133.8187264,,,,,,,,,,,
Dasyurus_maculatus_J2783,Dasyurus_maculatus,5.934775242,11.07995595,2.597631424,2.570470895,14.01174395,11.895447,15.15219501,53.56082121,11.77788053,14.10531896,8.565883305,113.2452111,119.2028207,12.60377328,16.77420698,11.0470837,8.123323896,133.0796489,12.63049453,3.461568492,24.37252616,95.09654109,,,,,,,
Dasyurus_maculatus_J8049,Dasyurus_maculatus,6.71620542,11.62492632,2.375975084,2.657956243,13.75982655,11.59185206,,,,,,,,,,,,,,,,,,,,,,,
Dasyurus_maculatus_JM8066,Dasyurus_maculatus,6.664193022,12.03787255,3.597339691,2.70254963,15.60807907,12.65096772,,,,,,,,,,,,,,,,,,,,,,,
Dasyurus_maculatus_JM9725,Dasyurus_maculatus,5.326032238,8.578076039,2.326284712,2.716511955,11.24546335,10.13401084,12.7923519,44.49747555,10.74780133,13.39632965,7.364971972,125.0608058,124.4632176,11.90215281,15.91093224,9.690384173,8.252567018,132.5806509,12.48524582,3.527186818,23.95475514,85.29265229,,,,,,,
Dasyurus_maculatus_M37890,Dasyurus_maculatus,6.09440871,11.01071588,2.909714258,2.512597051,14.15857127,11.26830517,,,,,,,,12.82046866,17.53449569,11.15922813,8.870903698,134.2182937,13.86629706,3.032231305,23.77337176,98.71455374,96.5,,,,,,
Dasyurus_maculatus_S497,Dasyurus_maculatus,4.835245126,9.666786406,2.174782609,2.441002811,11.44699291,9.241402592,,,,,,,,10.54476379,13.05014383,9.685889436,8.323102134,135.702905,10.94282727,2.971039263,19.33854559,81.60090488,85.36,,,,,,
Dasyurus_maculatus_SAMA-M27408,Dasyurus_maculatus,5.199184178,9.941924457,2.486533871,2.767804965,12.1472526,9.728074407,,,,,,,,12.00365737,14.9106195,10.00396505,7.589419716,131.9899714,,,,,,,,,,,
Dasyurus_viverrinus_JM16666,Dasyurus_viverrinus,,,,,,,,,,,,,,,,,,,,,,,,17.67384041,7.972295169,8.060954931,5.780029158,9.399234002,
Dasyurus_viverrinus_JM19595,Dasyurus_viverrinus,,,,,,,10.940734,44.54065701,8.651688214,10.72834642,5.795831034,116.595748,104.8469178,9.02,11.94,6.68,5.8,120.6087,9.64,1.88,20.7345,71.14,,,,,,,
Dasyurus_viverrinus_JM22012,Dasyurus_viverrinus,4.632413713,7.607846234,2.136300474,2.172891054,11.6299535,8.335355518,10.863089,42.76763569,8.419871135,10.46561087,5.636531098,118.6916289,124.3866424,9.76,13.2,7.38,6.2,126.9408,,,,,,15.64002294,6.877352998,6.943581199,5.314987956,8.286608745,
Pseudocheirus_peregrinus_JM18721,Pseudocheirus_peregrinus,2.256228654,4.550004466,1.963817565,1.694077688,7.654295442,6.462702508,,,,,,,,7.720954583,9.753572371,3.104920646,6.160848658,135.7275711,8.417542399,2.351773246,15.91719813,63.77195337,,,,,,,
Pseudocheirus_peregrinus_M12547,Pseudocheirus_peregrinus,2.24610588,4.135630454,2.487485075,2.044214197,7.113902688,6.571497899,7.610737064,25.75339168,6.005256723,6.832738057,3.821710971,127.6581881,117.2096277,6.708634292,8.787216639,2.570418001,5.110653336,146.8315079,6.494754906,1.358248299,13.66267921,57.53280885,,9.484753189,3.929842994,5.853643819,2.982089857,3.940741799,
Pseudocheirus_peregrinus_UMZC-A9.26,Pseudocheirus_peregrinus,,,,,,,,,,,,,,,,,,,7.955359898,1.867933085,19.32046724,73.27315099,71.54595719,,,,,,
Spilocuscus_maculatus_AMM11634,Spilocuscus_maculatus,,,,,,,,,,,,,,15.30265556,18.11391531,5.601120139,13.42955166,135.2161811,13.60688722,2.844990168,28.93969123,100.8265443,88.10640463,,,,,,
Spilocuscus_maculatus_J16724,Spilocuscus_maculatus,5.508888609,12.62492765,2.38725858,4.597997687,13.55680294,16.20960346,13.45446504,50.79546662,10.1958988,15.00602809,8.427004015,122.5586198,50.61503111,,,,,,11.44301158,3.313405693,,,,,,,,,
Spilocuscus_maculatus_JM18184,Spilocuscus_maculatus,4.104189175,10.19409312,2.210134557,2.249916432,11.7419784,11.06278205,10.55011566,38.50739848,6.985934851,10.69395565,5.961199597,121.4865642,37.89536904,10.34234956,13.61008698,5.146625637,6.899925767,132.0233499,9.286325328,2.8761665,18.91144533,72.11513679,64.59,,,,,,
Trichosurus_vulpecula_JM10017,Trichosurus_vulpecula,4.026580449,7.335170706,2.389532026,2.356936722,11.66705859,12.21641046,12.25347803,42.86905791,7.030669179,11.244309,7.030803224,125.9349811,33.52720256,9.686387847,14.86275282,6.25751364,6.992380518,132.1136668,11.5104436,2.367513617,21.14452201,87.62,87.17,,,,,,
Trichosurus_vulpecula_JM1872,Trichosurus_vulpecula,3.739994828,5.967429011,2.408297053,2.723880298,9.879983995,10.57740878,10.86529435,42.05805717,7.599168314,11.68049076,6.228644557,125.8548418,36.81722557,9.704042749,14.10302116,6.837893751,8.331838239,134.2580808,13.23785475,1.562813915,,,,,,,,,
Trichosurus_vulpecula_JM8567,Trichosurus_vulpecula,4.16468952,6.778379659,1.813370588,2.762869828,9.376770314,9.945692928,10.38230791,40.78557125,7.763618324,12.38325867,6.351913599,125.7464092,34.39413929,10.59199135,14.62583949,6.628274783,8.458762079,131.5576551,10.32395416,1.452874212,,,,,,,,,
Trichosurus_vulpecula_M39088,Trichosurus_vulpecula,4.305687829,10.41503369,2.63691424,3.699013878,14.57312796,15.278908,14.57858858,57.1899434,10.40921909,16.96262689,9.410332728,134.8931383,38.95561236,13.56903445,20.13472583,8.071610879,10.5485366,142.5069455,13.74807677,2.32442544,27.82987271,108.4064897,,,,,,,
Trichosurus_vulpecula_SAMAM20643,Trichosurus_vulpecula,,,,,,,,,,,,,,10.55231812,13.94320986,8.182451128,8.135243785,133.4640597,12.837245,1.893631523,20.60248909,87.64502027,,15.49249065,7.362438917,10.03450528,5.835271588,6.026149985,
Trichosurus_vulpecula_UMZC-A9.16,Trichosurus_vulpecula,,,,,,,,,,,,,,,,,,,16.12463982,1.909893225,25.37771774,102.8655821,98.78953762,,,,,,
Hypsiprymnodon_moschatus_J6249,Hypsiprymnodon_moschatus,2.316560384,4.258437628,12.82235328,1.67558087,5.031426823,4.770180603,,,,,,,,,,,,,,,,,,,,,,,
Hypsiprymnodon_moschatus_JM6187,Hypsiprymnodon_moschatus,,,,,,,,,4.913100691,6.238077938,3.506932298,129.7770208,31.1377437,5.579976123,7.317594272,4.625537792,4.471247977,154.0158582,7.224621165,1.800080794,14.794912,59.25409932,,,,,,,
Hypsiprymnodon_moschatus_M4154,Hypsiprymnodon_moschatus,,,,,,,,,,,,,,6.29980514,7.774336531,4.90168826,4.796337005,145.9606016,8.063694062,1.362987257,14.59292393,60.04154957,,11.16109471,5.257472891,5.245814495,3.506876373,5.777853212,
Hypsiprymnodon_moschatus_M42749,Hypsiprymnodon_moschatus,2.735581025,4.724183334,,1.624847396,6.672155937,5.108917483,7.18931234,27.10691323,4.877178447,6.311971627,3.594378805,123.4631739,59.86977684,5.575315629,7.416505085,4.772677751,4.728139859,147.6467776,7.770504805,1.430349122,12.99957728,57.93386473,62.74,,,,,,
Aepyprymnus_rufescens_FMNH124573,Aepyprymnus_rufescens,,,,,,,,,,,,,,,,,,,,,,,,25.6381773,13.11055627,14.86281121,7.587187558,13.61294932,
Aepyprymnus_rufescens_JM15466,Aepyprymnus_rufescens,4.31890706,7.489514708,,4.119454976,13.78459244,8.82503036,18.26848481,36.01444886,6.501255871,7.97950717,4.609470646,139.6657527,55.49315457,7.448367289,10.02424591,7.36665832,6.66992194,133.1522016,13.97435324,3.948556785,,,,,,,,,
Aepyprymnus_rufescens_JM20152,Aepyprymnus_rufescens,4.03282329,6.735129396,32.29508618,4.434269372,11.27149848,9.833963501,17.016052,38.99864518,6.965628431,8.174653219,5.474931257,136.0339899,66.94473281,8.113017584,10.90630298,6.630917804,6.115581777,126.8029073,17.39331126,3.065016992,28.31962061,111.6966881,,,,,,,
Aepyprymnus_rufescens_JM20274,Aepyprymnus_rufescens,3.542598475,5.150399437,29.31265771,3.981611577,9.109098906,8.043660361,16.50567583,34.65624031,6.352209601,7.667970411,4.857329249,139.5136394,47.18348991,,,,,,,,,,,,,,,,
Aepyprymnus_rufescens_JM9339,Aepyprymnus_rufescens,4.51266897,6.557197207,,4.870102337,10.59748678,9.691172418,15.74865525,32.909137,5.810538337,7.2457153,4.795541127,129.6037007,66.26749172,6.766592454,9.084837755,6.416555278,6.393284882,136.0399212,12.16416009,3.29098264,,,,,,,,,
Aepyprymnus_rufescens_M2939,Aepyprymnus_rufescens,,,,,,,,,,,,,,,,,,,,,,,132.646961,,,,,,
Aepyprymnus_rufescens_M32283,Aepyprymnus_rufescens,3.878163179,6.291354695,32.04365157,3.895816318,9.902174134,9.773551523,16.05030083,34.6172266,6.754707692,7.704542968,5.390018918,136.6580716,61.9141421,7.345252525,9.683276826,6.11842404,5.669828133,131.878567,12.80148742,2.925633089,25.34140101,102.5092061,,,,,,,
Aepyprymnus_rufescens_MSU-MR4680,Aepyprymnus_rufescens,,,,,,,,,,,,,,,,,,,15.19594107,3.168783432,28.6532939,103.053071,,24.03038122,11.55452253,13.09128808,7.115127606,12.84718807,
Bettongia_penicillata_FMNH-129431,Bettongia_penicillata,3.116387491,5.118350005,2.402323025,2.822828884,9.289239718,7.413755631,9.422770698,27.53026646,5.758202051,7.184242392,4.233781628,131.5566314,102.3874976,,,,,,,,,,103.2981182,,,,,,
Bettongia_penicillata_M27628,Bettongia_penicillata,,,,,,,12.52149087,28.32710763,5.91046795,7.406415462,4.072079128,129.9788681,108.2628898,6.269822597,8.748903614,5.472284765,5.052616347,131.9055972,11.96138699,1.982907247,22.15948288,79.58308777,101.6829248,19.80585108,9.487531468,9.762271913,4.525278475,10.6257562,
Bettongia_penicillata_M27943,Bettongia_penicillata,2.869113259,5.009651174,2.782504214,2.034000772,8.470054614,7.392063472,,,,,,,,,,,,,,,,,,,,,,,
Bettongia_penicillata_NHMUK-1850.11.22.47,Bettongia_penicillata,3.128985234,5.402854133,3.085700146,3.052985403,8.853739927,6.899224784,,,,,,,,,,,,,,,,,,,,,,,
Bettongia_tropica_JM15255,Bettongia_tropica,3.20038519,4.981114258,,1.990072058,9.353110736,7.949837588,10.51955404,29.41023638,5.24821503,6.457880536,3.834628507,127.4512869,50.79777992,5.797370259,8.496651286,5.873819886,4.816762675,133.0710561,11.65754165,1.739470864,20.09921444,85.94205176,104.56,,,,,,
Bettongia_tropica_M41240,Bettongia_tropica,3.54100581,5.181625849,25.40233513,2.277804344,8.962726794,8.954371813,12.57245184,29.21095371,6.420092612,7.410450945,4.858224691,129.8851194,54.54255065,6.571889073,9.276311236,4.790140511,5.374569303,133.0620686,10.82282291,2.473566333,19.99016086,87.28560633,108.78,,,,,,
Dendrolagus_bennettianus_M11638,Dendrolagus_benettianus,5.491034193,6.830368756,30.63019396,3.833258226,12.23373358,13.68253033,,,,,,,,,,,,,,,,,,,,,,,
Dendrolagus_bennettianus_SAM-M5530,Dendrolagus_benettianus,,,,,,,37.20547945,69.92222485,15.97436976,18.88549588,11.2549852,119.295126,109.9150135,16.93450505,21.66328202,9.217708503,12.06078832,133.0018246,23.9528918,6.876504428,47.32757882,153.0173649,,36.43392481,18.93471799,24.61055181,14.33744521,16.19836884,
Dendrolagus_goodfellowi_JM18691,Dendrolagus goodfellowi,6.247213618,10.22644647,,3.778980371,14.71492979,12.81716121,34.33285454,66.12815938,13.68379537,18.80111456,11.38509619,123.2109796,68.28171827,15.47814442,21.35404308,8.615431586,13.58096121,136.387487,20.626407,7.548911111,37.93667414,140.0765958,,,,,,,
Dendrolagus_goodfellowi_M23632,Dendrolagus goodfellowi,5.892579586,8.94408137,40.72547165,3.071370749,13.9655425,14.12327944,36.57126825,63.99612272,14.00621806,19.69076831,11.19648838,117.6218763,49.04061296,15.27460542,22.50404552,10.31245465,12.41359583,140.5992517,20.80065368,6.156719928,38.93049824,137.2750387,139.04,,,,,,
Dendrolagus_goodfellowi_M9145,Dendrolagus goodfellowi,5.233507589,8.741587841,37.63570378,3.618321195,13.55820012,13.22796653,31.64544644,55.79551141,12.30537944,18.21787146,10.95132543,130.4444435,59.42707671,14.60399661,20.08795527,10.02540225,12.99307317,136.7946576,20.47721433,7.322560469,38.46341026,136.248895,136.47,,,,,,
Dendrolagus_lumholtzi_JM20106,Dendrolagus_lumholtzi,6.489343037,7.660085506,33.08613196,3.244912406,13.09452626,13.4611364,30.16107489,48.16978611,11.57858895,17.42149982,8.391701682,119.4849205,55.82455999,13.45036547,18.66411449,9.833893264,10.44881332,140.5141187,18.9737324,5.75969607,39.89772788,126.0074425,,,,,,,
Dendrolagus_lumholtzi_JM21511,Dendrolagus_lumholtzi,5.640134103,7.353980161,,3.752463997,12.96848016,14.4063205,28.2097398,47.43130223,10.98216349,16.14144345,7.758146962,112.8092225,52.86876337,13.03892189,17.42001699,10.36274129,10.41386658,132.9294689,16.59934995,4.150473885,,,,,,,,,
Dendrolagus_lumholtzi_M9108,Dendrolagus_lumholtzi,,,,,,,,,,,,,,,,,,,,,,114.93,115.65,,,,,,
Dendrolagus_lumholtzi_SAM-M7206,Dendrolagus_lumholtzi,,,,,,,,,,,,,,14.00110112,21.17129723,8.730330684,10.70751279,134.727325,20.82824566,4.663876695,41.1258358,135.7546197,,,,,,,
Dendrolagus_matschiei_J5287,Dendrolagus_matschiei,,,,,,,,,,,,,,,,,,,18.18859788,5.916659686,37.53032486,136.1565792,132.51,,,,,,
Dendrolagus_matschiei_NHMUK-1978.2989,Dendrolagus_matschiei,5.813811331,8.720692075,7.575301311,3.14973504,17.10348054,13.49659439,,,,,,,,,,,,,,,,,,,,,,,
Dorcopsis_atrata_M19461,Dorcopsis_atrata,5.51803543,7.547265712,6.25,3.629394653,12.73527476,11.69237421,39.11482696,71.32063987,12.82971883,14.65003077,12.02124017,129.8357706,63.68124404,15.63992165,22.57298292,13.06126349,12.06457019,140.0483672,18.94195791,4.631786246,,152.5,170.03,27.46974134,14.37051038,15.99605067,9.923510071,13.62883846,
Dorcopsis_luctuosa_M12659,Dorcopsis_luctuosa,,,33.04384129,,,,,,,,,,,,,,,,,,,116.13,147.3,,,,,,
Dorcopsis_luctuosa_S1863,Dorcopsis_luctuosa,4.537615805,7.129044411,38.29595862,3.763047025,10.73583897,11.09299918,,,,,,,,,,,,,,,,,,,,,,,
Dorcopsis_luctuosa_SAM-M15178,Dorcopsis_luctuosa,4.634450794,6.844131026,5.986012083,3.334369647,10.72034491,12.61673624,28.88581682,55.66438248,10.48407585,11.51439089,10.12962961,118.6175317,101.9424423,12.04355437,15.32959264,9.152894951,8.593026234,126.9668203,19.35223494,3.67101235,36.29948998,128.4109268,164.2276004,26.91407973,14.56027386,16.62415503,10.4608204,13.8984941,
Dorcopsis_muelleri_M28258,Dorcopsis_muelleri,4.90497464,5.958683374,4.71,3.670883224,11.84974063,11.91992296,,,,,,,,,,,,,,,,,,,,,,,
Dorcopsis_muelleri_M32339,Dorcopsis_muelleri,,,,,,,31.00656207,56.84001212,9.720696857,11.11441509,8.519417801,117.6188085,60.51396249,12.99643151,15.51471726,9.724187902,8.58207163,137.3880717,18.69552627,4.457171189,35.26595425,141.3981133,,,,,,,
Dorcopsis_muelleri_M32341,Dorcopsis_muelleri,5.296162701,8.298677443,,3.879362502,12.53132058,13.0849917,43.96761314,79.56431772,14.71864771,17.80867443,14.78366001,118.3190596,54.09013774,19.89652884,27.010576,17.40958985,15.4341762,136.3703676,21.92813016,5.633266125,45.6316197,175.0811303,227,,,,,,
Dorcopsis_muelleri_NHMUK-1933.11.4.4,Dorcopsis_muelleri,,,,,,,,,,,,,,,,,,,18.75553886,3.481474893,34.86289264,135.7301736,179.7381198,28.98331356,14.39706137,16.30466993,9.69330649,14.45264755,
Dorcopsis_muelleri_SAM-M12259,Dorcopsis_muelleri,,,,,,,,,,,,,,,,,,,,,,,,27.87399376,14.40605373,16.04498592,10.99397788,14.17904842,
Dorcopsulus_vanheurni_ANWCM15124,Dorcopsulus_vanheurni,,,,,,,,,,,,,,7.069400676,10.32013533,5.901076478,5.907902692,135.3888886,12.45517577,2.651683627,22.00727851,99.78635363,,,,,,,
Dorcopsulus_vanheurni_M30727,Dorcopsulus_vanheurni,3.292913339,4.620932291,24.04242585,2.530469181,7.534244769,7.663972754,21.51770285,33.79367073,6.518052523,7.302997672,5.865515938,125.9145292,76.03308897,6.856132412,10.74698363,6.443469184,5.95115976,142.9101958,12.98334664,3.211424438,21.49186938,97.57974597,119.39,,,,,,
Lagorchestes_conspicillatus_JM20119,Dorcopsulus_vanheurni,,,,,,,19.53962277,37.81849329,6.618403291,7.841574338,5.210850123,127.4565205,74.67337676,7.422731641,10.38541635,6.054158757,6.428224384,131.7348764,15.98434594,4.277128282,29.70580221,139.2909823,166.86,,,,,,
Lagorchestes_conspicillatus_UQ278,Dorcopsulus_vanheurni,5.122606756,7.517446479,4.63941501,5.999956382,13.88333379,11.00798494,,,,,,,,7.054770737,10.18585381,6.211576172,6.542683451,135.396149,16.68101644,2.442359208,28.35745255,118.8327405,,27.17335538,10.82775054,13.51084031,8.035110785,14.93377265,
Lagorchestes_hirsutus_M35069,Lagorchestes_hirsutus,3.778201145,5.410394801,,3.41463247,10.97998851,9.177575924,,,,,,,,,,,,,,,,,,,,,,,
Lagorchestes_hirsutus_M38909,Lagorchestes_hirsutus,3.510546716,5.849615503,,3.884382003,11.03415435,8.605591754,13.17188727,26.82656744,5.233316934,6.28323116,4.561367372,124.0036155,71.51339644,5.757751219,7.819534571,5.716615712,4.93989557,133.3036234,12.46770459,2.426980054,21.2968149,95.57497589,127.85,,,,,,
Lagorchestes_hirsutus_M45858,Lagorchestes_hirsutus,3.911704899,5.864368253,30.50513744,3.097811767,11.23799198,9.285735562,14.11739855,28.0075136,5.716726466,7.014712581,4.787306845,117.7009372,75.73665901,6.202480287,8.785902187,5.113636648,4.942225496,133.8808282,12.69778188,2.407771089,20.68340635,89.25140946,119.92,,,,,,
Lagorchestes_hirsutus_NTMU6066,Lagorchestes_hirsutus,,,,,,,,,,,,,,,,,,,12.28295795,2.61289843,22.36224616,89.55860566,,20.59615963,9.407382194,10.8634889,5.84353515,10.84131335,
Lagorchestes_hirsutus_SAMAM3587,Lagorchestes_hirsutus,4.056656647,4.651919722,7.42797108,4.356899388,10.50152058,8.465801203,,,,,,,,5.452851079,8.076135647,4.514611226,4.244037369,133.878334,,,,,,,,,,,
Lagostrophus_fasciatus_M40035,Lagostrophus_fasciatus,3.372412336,6.001228144,32.55773213,3.054021314,9.971973243,10.79540581,10.21794029,28.9934613,4.735511973,6.809678875,4.529069318,139.1555311,61.83179744,6.32301148,8.838036947,5.038605485,5.161200914,135.6645212,12.9954073,2.130212177,22.75753828,87.42830326,111.18,,,,,,
Lagostrophus_fasciatus_NTMU8082,Lagostrophus_fasciatus,,,,,,,,,,,,,,6.397700415,8.10485108,4.985525818,4.919294637,130.8081302,13.28459559,2.833819213,24.75628159,89.83359399,,,,,,,
Macropus_fuliginosus_M16578,Macropus_fuliginosus,,,,,,,46.38627381,78.66823356,18.73954195,21.35518244,12.76161534,122.1199848,116.9886961,23.00014999,25.45387428,15.88360664,17.09914431,135.6062168,,,,,,69.03697913,28.41961236,31.6779487,18.69149119,36.10979129,
Macropus_fuliginosus_MZRC6155,Macropus_fuliginosus,8.351288881,15.44205667,11.26077993,7.113752871,23.07354811,19.62783753,,,,,,,,,,,,,,,,,,,,,,,
Macropus_fuliginosus_NMVC6600,Macropus_fuliginosus,9.471653812,17.4331663,14.13078514,10.13793434,22.31087687,20.26055669,,,,,,,,,,,,,,,,,,,,,,,
Macropus_fuliginosus_NMVC9348,Macropus_fuliginosus,9.850713505,15.17670477,10.10716422,9.169183047,24.97517071,22.9854687,,,,,,,,,,,,,,,,,,,,,,,
Macropus_fuliginosus_SAMAM16578,Macropus_fuliginosus,,,,,,,,,,,,,,,,,,,38.29915258,6.553035767,69.22737838,235.9617648,418.3399165,,,,,,
Macropus_giganteus_J20891,Macropus_giganteus,9.06509726,12.90817731,14.40976404,6.670949496,23.0358029,18.40077712,,,,,,,,,,,,,,,,,,,,,,,
Macropus_giganteus_JM11525,Macropus_giganteus,,,,,,,,,,,,,,,,,,,,,,,,84.75476394,34.33083401,38.49658161,25.89553077,47.76871654,
Macropus_giganteus_JM19568,Macropus_giganteus,10.39339282,15.28259851,11.25387722,8.488189628,21.56540269,21.89252382,,,,,,,,,,,,,,,,,,,,,,,
Macropus_giganteus_JM20762,Macropus_giganteus,10.68962811,16.49214429,10.28946509,8.383165631,25.48044884,22.08755045,70.4600936,138.3961053,26.95302873,32.96904869,24.19813562,132.2132543,76.66217772,31.40579977,44.92488161,23.63579345,26.4660682,122.4449379,47.36878588,9.363598954,97.95283514,302.19191,,,,,,,
Macropus_giganteus_JM20891,Macropus_giganteus,,,,,,,30.43863969,66.74018212,13.8030839,17.95965198,11.6182407,128.0323559,70.08561586,,,,,,25.29317671,7.727151567,56.49992251,210.1512635,,61.31189245,24.33396013,26.66087802,17.76016558,35.02273849,
Macropus_giganteus_JM20893,Macropus_giganteus,,,,,,,,,,,,,,,,,,,,,,,,63.134448,25.66067338,28.91695487,16.95610184,33.19334035,
Macropus_giganteus_NHMUK-72.4498,Macropus_giganteus,,,,,,,,,,,,,,,,,,,41.39734148,10.15237804,84.77587865,281.1011742,520.4068969,,,,,,
Macropus_giganteus_NMVC24217,Macropus_giganteus,8.904481475,14.40912967,12.15029379,7.559242531,21.92535653,20.14454587,,,,,,,,,,,,,,,,,,,,,,,
Macropus_giganteus_NMVC26206,Macropus_giganteus,9.729372389,17.16350343,14.60326059,8.776610267,23.89853532,22.49354483,,,,,,,,,,,,,,,,,,,,,,,
Macropus_giganteus_NTMU8403,Macropus_giganteus,9.654739418,16.2147453,10.29636343,7.664641952,23.72349321,23.62103674,50.57585031,130.8552103,25.26911469,27.64842247,19.42674089,131.3701725,110.5396613,30.08505447,37.97077255,24.06435082,24.04591487,128.8427767,38.00005765,6.921144953,81.45212221,282.0353985,,82.25020297,32.19272348,36.80669052,23.65930524,44.11340496,
Notamacropus_agilis_J10763,Notamacropus_agilis,7.87445468,12.60613659,50.34301897,6.525496695,16.18014901,17.0846378,,,,,,,,,,,,,,,,,,,,,,,
Notamacropus_agilis_JM732,Notamacropus_agilis,,,,,,,28.73412811,56.05278824,10.98504298,12.30582851,7.891417306,126.6685295,75.03386969,,,,,,21.33651377,4.727242663,46.08895455,164.8988066,,,,,,,
Notamacropus_agilis_MAGNT-U6143,Notamacropus_agilis,,,,,,,,,,,,,,,,,,,,,,,,52.55307492,22.87448141,26.86124984,16.38501013,29.84646547,
Notamacropus_agilis_MAGNT-U6149,Notamacropus_agilis,,,,,,,,,,,,,,,,,,,,,,,,37.39433529,16.88218101,19.8193301,11.15606354,19.34157828,
Notamacropus_agilis_MAGNT-U6150,Notamacropus_agilis,,,,,,,,,,,,,,,,,,,,,,,,44.47578183,20.60068636,23.08058869,12.53564919,22.29417494,
Notamacropus_agilis_MAGNT-U6151,Notamacropus_agilis,,,,,,,,,,,,,,,,,,,,,,,,49.82129884,21.6058338,25.26905233,14.08720035,27.36079467,
Notamacropus_agilis_S1257,Notamacropus_agilis,,,,,,,44.46217524,99.24521293,19.67957383,22.03135861,16.10749562,123.8420015,70.25562488,22.72302432,29.17178517,18.90975431,16.91761637,131.724892,29.78843813,5.658045516,53.89306321,194.2659009,273,,,,,,
Notamacropus_agilis_SAMAM23314,Notamacropus_agilis,,,,,,,36.59815168,77.64900059,15.3323084,17.16859356,,116.9166,,18.99301611,28.28576982,17.70979082,16.06768129,141.1738003,26.49328852,5.081229544,48.33559716,182.0866212,,,,,,,
Notamacropus_agilis_SAMAM5979,Notamacropus_agilis,6.665676424,12.00807223,7.243719918,6.452657175,15.20764725,12.63760323,,,,,,,,,,,,,,,,,,,,,,,
Notamacropus_irma_S1876,Notamacropus_irma,5.339521686,7.122732318,43.5060559,5.045136488,15.08624678,12.0593825,,,,,,,,,,,,,,,,,,,,,,,
Notamacropus_irma_SAMAM16489,Notamacropus_irma,,,,,,,26.64354287,42.29046622,9.549045444,10.56394306,7.127139198,127.293354,82.8151538,8.9,12,7.88,9.04,142.7669,20.64926536,3.90942711,42.34352532,153.6636092,237.4072831,40.49706004,16.30618347,18.21699533,10.84789975,20.52459293,
Onychogalea_fraenata_A18590,Onychogalea_fraenata,3.654497058,4.497237299,6.194786327,2.675947609,9.437557224,10.08816822,22.58532298,53.91035479,8.525873447,12.61986994,8.431613511,128.6779539,51.2413224,10.96195177,14.37138441,11.16657472,8.716424675,125.1311953,13.49841799,3.173685499,28.03383602,114.3367598,175.04,,,,,,
Onychogalea_fraenata_JM18869,Onychogalea_fraenata,3.638690843,5.623444989,6.396977376,4.431103816,8.521970709,10.9870687,19.49965092,39.91670591,7.882442757,11.01679462,7.691569867,117.9026302,57.76702381,10.32963956,13.23901285,6.783416654,7.365564458,130.5078937,16.25470435,4.548281246,33.29254106,124.9969603,,,,,,,
Onychogalea_fraenata_NTMU247,Onychogalea_fraenata,4.169174608,8.495164509,7.52027823,6.128447163,12.66995278,11.59997931,,,,,,,,,,,,,,,,,,,,,,,
Onychogalea_fraenata_SAMAM24347,Onychogalea_fraenata,4.442621978,8.420672276,8.471266975,5.004134265,11.05251956,11.19223539,,,,,,,,14.88763324,20.13297573,9.58577007,10.48220042,124.6052588,18.82136203,3.21420676,39.78555867,141.4723682,,30.91784562,14.52973395,17.52812469,9.802405615,15.63984486,
Onychogalea_unguifera_NTMU5329,Onychogalea_unguifera,,,,,,,,,,,,,,,,,,,,,,,,34.61497248,15.56049875,16.83786842,9.213135775,17.87193754,
Onychogalea_unguifera_SAMAM1728,Onychogalea_unguifera,4.97229246,8.872842997,9.481426928,5.959077197,13.3483506,10.58914872,22.2259888,44.51506015,8.533228509,11.4624411,6.561580605,121.5249556,106.0977495,10.49463373,14.11778151,7.21701533,7.664708601,126.6454817,18.83397777,3.81191938,35.10951431,142.5883119,,,,,,,
Osphranter_antilopinus_JM20331,Osphranter_antilopinus,9.370923362,12.90737844,64.38115586,6.985294168,19.46690872,19.62043942,,,,,,,,,,,,,,,,,,,,,,,
Osphranter_antilopinus_M8423,Osphranter_antilopinus,,,11.4938913,,,,,,,,,,,,,,,,,,,,,,,,,,
Osphranter_antilopinus_MAGNT-U6142,Osphranter_antilopinus,,,,,,,,,,,,,,,,,,,,,,,,63.11930823,24.39187028,27.17161029,17.6060112,33.38879506,
Osphranter_antilopinus_MAGNT-U6148,Osphranter_antilopinus,,,,,,,,,,,,,,,,,,,,,,,,79.98825385,30.1859681,33.71549248,21.79646968,44.3646552,
Osphranter_antilopinus_NTMU6148,Osphranter_antilopinus,,,,,,,63.61938471,103.8522374,24.2272837,27.22698883,19.92496084,124.2136442,89.59821683,,,,,,42.61129841,7.373301363,70.60067173,265.4361275,454.3138412,79.05240977,31.00688331,34.34537598,21.65217336,42.17542429,
Osphranter_robustus_J4639,Osphranter_robustus,10.49511234,14.28679781,,8.372429282,22.93722658,21.79730851,,,,,,,,,,,,,,,,,,,,,,,
Osphranter_robustus_M48181,Osphranter_robustus,11.03734111,16.5856724,76.29366787,6.417756581,26.11648916,23.93713429,62.11081076,106.3178756,22.55081183,24.58868782,18.54030213,130.8448609,85.32803859,,,,,,38.06951366,7.695375586,74.1963715,260.9049177,,,,,,,
Osphranter_robustus_MAGNT-U0631,Osphranter_robustus,,,,,,,,,,,,,,,,,,,,,,,,73.84988978,28.22022026,31.68953178,22.25225048,39.52030693,
Osphranter_robustus_NMVC8224,Osphranter_robustus,7.652297345,12.72620388,,6.829668075,22.93716837,17.84085473,,,,,,,,,,,,,,,,,,,,,,,
Osphranter_robustus_NMVC8414,Osphranter_robustus,9.060203685,12.73196899,,8.292633885,23.88111628,18.3713604,,,,,,,,,,,,,,,,,,,,,,,
Osphranter_robustus_NMVC8426,Osphranter_robustus,9.416857808,12.96627705,,7.374028753,19.86832715,19.74754008,,,,,,,,,,,,,,,,,,,,,,,
Osphranter_robustus_SAMAM13977,Osphranter_robustus,,,,,,,70.39120113,112.5355642,23.49978408,27.22119299,19.26133048,128.5364048,104.6107385,27.6343921,38.98007968,19.4376895,20.60374315,131.9233581,44.30409787,8.303141615,77.88392883,279.2019384,,,,,,,
Osphranter_robustus_SAM-M21417,Osphranter_robustus,,,,,,,,,,,,,,,,,,,,,,,,67.89765323,26.47877217,29.92647075,19.01691245,36.56274122,
Osphranter_robustus_SAM-M21419,Osphranter_robustus,,,,,,,,,,,,,,,,,,,,,,,,56.12733416,23.44724514,24.99265366,16.31145052,30.26364257,
Osphranter_robustus_UQ280,Osphranter_robustus,,,,,,,,,,,,,,22.26845348,30.96579165,13.17294161,16.53290331,132.4411799,,,,,,,,,,,
Osphranter_rufus_RVC-JRH-Macropus4,Osphranter_rufus,,,,,,,,,,,,,,,,,,,46.87251022,10.94458545,87.00514785,279.9767151,544.1005358,,,,,,
Osphranter_rufus_SAM-M16336,Osphranter_rufus,,,,,,,,,,,,,,20.55931455,27.03063926,18.2416436,18.44086492,144.1397983,35.47805005,9.896178671,66.27223076,231.4227526,,,,,,,
Petrogale_brachyotis_M10363,Petrogale_brachyotis,3.618317884,6.932581744,6.61,5.192507286,11.98339224,11.37117936,18.64362777,47.36762683,8.572223396,9.8579423,6.847232668,120.9010818,61.34580854,8.860171891,13.75574491,6.152104755,6.918580517,135.7323303,16.48589803,3.439159342,28.98792614,126.7663885,150.54,,,,,,
Petrogale_brachyotis_NTMU0103,Petrogale_brachyotis,,,,,,,,,,,,,,,,,,,17.94359105,3.884668484,32.85791607,129.9791463,,,,,,,
Petrogale_penicillata_M33709,Petrogale_brachyotis,,,,,,,21.62931909,50.22824549,9.469809469,10.83525449,8.3388158,123.8887511,57.02447048,11.70530392,15.63535484,8.709640072,8.733320577,124.9868291,18.21221632,4.287424245,38.14882138,144.2631415,181.22,,,,,,
Petrogale_penicillata_M40298,Petrogale_brachyotis,4.562065377,6.392874582,5.301,3.417808219,12.42412678,11.08557973,23.03889995,43.86929969,8.71688465,10.02151662,7.301935521,117.1183072,65.95434884,9.88704616,14.4715525,7.657322578,8.53736581,148.2569495,17.28932447,5.778999508,34.88624753,139.5498438,177.37,,,,,,
Petrogale_penicillata_SAMAM27396,Petrogale_brachyotis,,,,,,,,,,,,,,11.48886436,16.2821067,8.407124674,8.424836964,134.0785515,22.42850168,5.126550095,39.53132951,148.770539,,35.47782313,13.96213756,16.69102689,10.3076868,18.4881007,
Petrogale_persephone_JM10559,Petrogale_persephone,4.602281013,6.603149356,6.583934567,5.075847837,10.73473954,11.01171973,31.40449769,56.55091524,11.12262785,13.25642546,9.433119249,122.516588,70.66141988,12.90290555,17.65776397,10.19195195,8.655589562,134.533818,20.45686705,5.304210128,39.96425523,151.8646847,,,,,,,
Petrogale_persephone_JM11192,Petrogale_persephone,5.312402022,6.791489308,6.495101494,3.725812933,13.66775676,11.32104865,,,,,,,,,,,,,,,,,,,,,,,
Petrogale_persephone_JM19235,Petrogale_persephone,,,,,,,27.57869782,46.96565332,9.523819835,10.88183061,9.094568279,122.383788,65.32823941,10.86913368,13.35926808,8.269170305,8.116359365,136.2495305,20.1531454,5.918538929,38.91015506,142.6983845,,,,,,,
Potorous_tridactylus_J13614,Potorous_tridactylus,3.198867492,6.179555362,23.01169769,2.968055038,7.597858856,8.211762525,13.14774321,39.82587839,6.285700718,7.747595698,5.01786445,135.9334534,43.6311418,6.445182389,8.767859481,6.097887624,5.514720081,134.4573632,16.58771727,2.164203942,23.2018887,83.20638226,,,,,,,
Potorous_tridactylus_JM1887,Potorous_tridactylus,,,,,,,11.02593258,35.10137279,6.536453126,8.394632623,4.676752141,130.3218729,40.14357621,6.735525325,8.602061406,5.847201977,5.522378686,139.321117,17.09824827,2.766612277,24.51427662,82.63476328,,,,,,,
Potorous_tridactylus_S1813,Potorous_tridactylus,3.279383828,5.365107244,,1.919367253,7.883385946,7.417103053,,,,,,,,6.775947977,9.255933124,6.282591241,6.035397666,141.7216637,12.15181937,3.13757566,23.02165848,82.33751626,90.61,,,,,,
Potorous_tridactylus_SAMAM16233,Potorous_tridactylus,,,,,,,,,,,,,,6.683632177,8.910448214,6.52824596,5.299833394,136.7369715,12.89572602,2.921138704,21.19025699,77.43472265,,,,,,,
Potorous_tridactylus_SAMAM7381,Potorous_tridactylus,,,,,,,,,,,,,,,,,,,,,,,,16.35581199,8.125157133,9.66630652,5.93366381,8.60257661,
Setonix_brachyurus_J17423,Setonix_brachyurus,4.891184437,7.946032018,31.32468748,2.409533391,12.17259134,11.45951875,,,,,,,,,,,,,,,,,,,,,,,
Setonix_brachyurus_M18626,Setonix_brachyurus,3.937251439,6.428877241,,2.966847233,10.3885435,9.614612819,16.04660949,36.49172501,5.856097606,8.133475841,5.220499577,130.52979,77.10866784,7.925495279,9.847610937,5.818541285,6.254158219,139.0931025,13.16008604,2.378343656,26.97065224,99.05887322,106.45,,,,,,
Setonix_brachyurus_SAMAM14102,Setonix_brachyurus,,,,,,,,,,,,,,9.897369928,13.23112981,7.044392355,7.533101653,134.6397189,18.52576436,2.521870501,31.61639449,118.146115,,25.48784905,12.49990496,14.41643194,10.42774658,13.75941633,
Thylogale_stigmatica_JM9331,Thylogale_stigmatica,5.067959247,6.402123917,5.59,3.456594745,11.64569729,12.05979421,33.33918538,57.42470487,10.14406113,11.62207086,9.186415864,107.9301888,86.11420569,12.13772226,16.58545361,9.85947268,9.564425529,128.6729767,21.17559009,2.87348193,32.82703463,139.693666,,,,,,,
Thylogale_stigmatica_M38878,Thylogale_stigmatica,4.529858775,5.850019295,4.74,4.782875646,10.64240184,10.0323486,,,,,,,,9.146722645,12.07720767,6.383363319,7.397197401,130.466056,18.62103973,2.817727775,29.94315447,128.6688837,160.26,,,,,,
Thylogale_thetis_ANU-AM169,Thylogale_thetis,,,,,,,35.25771617,62.68813859,10.82714017,12.35855486,8.777437921,116.366996,97.99629986,11.1277532,16.31651167,9.701461576,8.826651071,123.4242032,24.93369834,3.381989038,37.89356523,149.9389142,,32.52958713,15.10075234,17.81259091,11.08041633,16.17247432,
Thylogale_thetis_JM5658,Thylogale_thetis,5.083444915,6.535606983,6.23,3.873194517,12.02524044,12.28790775,33.270235,57.2327409,11.90372787,13.71329647,9.882168007,105.4082005,70.53752918,13.11942209,19.01254964,10.13784836,10.05045189,128.5599648,21.70863267,3.257704442,36.9490577,143.8097752,,,,,,,
Thylogale_thetis_M38915,Thylogale_thetis,4.448953639,6.722524922,5.29,4.476411612,10.94609199,11.12141018,20.32263371,39.98881147,7.621425649,9.114287222,6.119366399,125.0494513,75.94524262,8.671985223,11.93938774,6.420119506,6.979437306,130.1487415,16.6479138,3.830420864,29.63530181,126.6696067,161.83,,,,,,
Wallabia_bicolor_J21546,Wallabia_bicolor,6.629878787,8.008284587,48.4633599,5.36153471,15.63087934,15.41074758,,,,,,,,,,,,,,,,,,,,,,,
Wallabia_bicolor_JM1003,Wallabia_bicolor,5.588781342,7.440675207,39.22249149,5.906253475,15.17150498,13.43151577,31.42273096,56.47607584,10.48768123,13.36198322,9.927144857,128.4054301,70.51584176,13.20543895,19.29514144,10.29028563,11.25192222,140.8524837,,,,,,,,,,,
Wallabia_bicolor_M41332,Wallabia_bicolor,,,,,,,37.57351662,73.98972176,12.43859935,15.63954467,11.58575966,131.656745,78.87568465,17.28293908,22.88744148,13.05824957,13.723255,131.5034538,26.82492962,6.509138571,51.01081967,203.1139772,281.9,,,,,,
Wallabia_bicolor_S1254,Wallabia_bicolor,,,,,,,26.92860465,57.08585997,9.753220061,12.21925766,9.405108747,132.4386123,86.67998729,12.63335119,17.20640588,10.30147214,11.5356849,138.6449125,22.29745449,5.855785297,44.9353552,175.3578176,228,,,,,,
Wallabia_bicolor_SAMAM11364,Wallabia_bicolor,,,,,,,,,,,,,,18.708467,23.95617057,15.69492431,13.71331455,137.5209683,,,,,,55.94502756,22.58811132,26.44535845,16.82248582,30.56859475,
Wallabia_bicolor_UQ161,Wallabia_bicolor,,,,,,,,,,,,,,,,,,,,,,,,44.30507399,18.74711015,21.51496549,13.69893674,22.93929417,
