Species,171,172,173,174,175,176,177,178,179,1710,1711,1712,1713,1714,1715,1716,1717,1718,1719,1720,1721,1722,1723,1724,1725
Thylacinus_cynocephalus,17.82873342,17.82873342,17.82873342,17.82873342,17.82873342,17.82873342,17.82873342,17.82873342,17.82873342,17.82873342,17.82873342,17.82873342,17.82873342,17.82873342,17.82873342,17.82873342,17.82873342,17.82873342,17.82873342,17.82873342,17.82873342,17.82873342,17.82873342,17.82873342,17.82873342
Dasyurus_maculatus,11.895447,11.895447,11.895447,11.895447,11.895447,11.895447,11.895447,11.895447,11.895447,11.895447,11.895447,11.895447,11.895447,11.895447,11.895447,11.895447,11.895447,11.895447,11.895447,11.895447,11.895447,11.895447,11.895447,11.895447,11.895447
Dasyurus_viverrinus,8.335355518,8.335355518,8.335355518,8.335355518,8.335355518,8.335355518,8.335355518,8.335355518,8.335355518,8.335355518,8.335355518,8.335355518,8.335355518,8.335355518,8.335355518,8.335355518,8.335355518,8.335355518,8.335355518,8.335355518,8.335355518,8.335355518,8.335355518,8.335355518,8.335355518
Pseudocheirus_peregrinus,11.2935583863904,11.2935583863904,11.2935583863904,11.2935583863904,11.2935583863904,11.2935583863904,11.2935583863904,11.2935583863904,11.2935583863904,11.2935583863904,11.2935583863904,11.2935583863904,11.2935583863904,11.2935583863904,11.2935583863904,11.2935583863904,11.2935583863904,11.2935583863904,11.2935583863904,11.2935583863904,11.2935583863904,11.2935583863904,11.2935583863904,11.2935583863904,11.2935583863904
Spilocuscus_maculatus,16.20960346,16.20960346,16.20960346,16.20960346,16.20960346,16.20960346,16.20960346,16.20960346,16.20960346,16.20960346,16.20960346,16.20960346,16.20960346,16.20960346,16.20960346,16.20960346,16.20960346,16.20960346,16.20960346,16.20960346,16.20960346,16.20960346,16.20960346,16.20960346,16.20960346
Trichosurus_vulpecula,9.945692928,9.945692928,9.945692928,9.945692928,9.945692928,9.945692928,9.945692928,9.945692928,9.945692928,9.945692928,9.945692928,9.945692928,9.945692928,9.945692928,9.945692928,9.945692928,9.945692928,9.945692928,9.945692928,9.945692928,9.945692928,9.945692928,9.945692928,9.945692928,9.945692928
Hypsiprymnodon_moschatus,4.770180603,4.770180603,4.770180603,4.770180603,4.770180603,4.770180603,4.770180603,4.770180603,4.770180603,4.770180603,4.770180603,4.770180603,4.770180603,4.770180603,4.770180603,4.770180603,4.770180603,4.770180603,4.770180603,4.770180603,4.770180603,4.770180603,4.770180603,4.770180603,4.770180603
Aepyprymnus_rufescens,9.833963501,9.833963501,9.833963501,9.833963501,9.833963501,9.833963501,9.833963501,9.833963501,9.833963501,9.833963501,9.833963501,9.833963501,9.833963501,9.833963501,9.833963501,9.833963501,9.833963501,9.833963501,9.833963501,9.833963501,9.833963501,9.833963501,9.833963501,9.833963501,9.833963501
Bettongia_penicillata,7.392063472,7.392063472,7.392063472,7.392063472,7.392063472,7.392063472,7.392063472,7.392063472,7.392063472,7.392063472,7.392063472,7.392063472,7.392063472,7.392063472,7.392063472,7.392063472,7.392063472,7.392063472,7.392063472,7.392063472,7.392063472,7.392063472,7.392063472,7.392063472,7.392063472
Bettongia_tropica,7.949837588,7.949837588,7.949837588,7.949837588,7.949837588,7.949837588,7.949837588,7.949837588,7.949837588,7.949837588,7.949837588,7.949837588,7.949837588,7.949837588,7.949837588,7.949837588,7.949837588,7.949837588,7.949837588,7.949837588,7.949837588,7.949837588,7.949837588,7.949837588,7.949837588
Dendrolagus_bennettianus,13.68253033,13.68253033,13.68253033,13.68253033,13.68253033,13.68253033,13.68253033,13.68253033,13.68253033,13.68253033,13.68253033,13.68253033,13.68253033,13.68253033,13.68253033,13.68253033,13.68253033,13.68253033,13.68253033,13.68253033,13.68253033,13.68253033,13.68253033,13.68253033,13.68253033
Dendrolagus_goodfellowi,12.81716121,12.81716121,12.81716121,12.81716121,12.81716121,12.81716121,12.81716121,12.81716121,12.81716121,12.81716121,12.81716121,12.81716121,12.81716121,12.81716121,12.81716121,12.81716121,12.81716121,12.81716121,12.81716121,12.81716121,12.81716121,12.81716121,12.81716121,12.81716121,12.81716121
Dendrolagus_lumholtzi,12.5488317788392,12.5488317788392,12.5488317788392,12.5488317788392,12.5488317788392,12.5488317788392,12.5488317788392,12.5488317788392,12.5488317788392,12.5488317788392,12.5488317788392,12.5488317788392,12.5488317788392,12.5488317788392,12.5488317788392,12.5488317788392,12.5488317788392,12.5488317788392,12.5488317788392,12.5488317788392,12.5488317788392,12.5488317788392,12.5488317788392,12.5488317788392,12.5488317788392
Dendrolagus_matschiei,9.42176392814021,9.42176392814021,9.42176392814021,9.42176392814021,9.42176392814021,9.42176392814021,9.42176392814021,9.42176392814021,9.42176392814021,9.42176392814021,9.42176392814021,9.42176392814021,9.42176392814021,9.42176392814021,9.42176392814021,9.42176392814021,9.42176392814021,9.42176392814021,9.42176392814021,9.42176392814021,9.42176392814021,9.42176392814021,9.42176392814021,9.42176392814021,9.42176392814021
Dorcopsulus_vanheurni,7.663972754,7.663972754,7.663972754,7.663972754,7.663972754,7.663972754,7.663972754,7.663972754,7.663972754,7.663972754,7.663972754,7.663972754,7.663972754,7.663972754,7.663972754,7.663972754,7.663972754,7.663972754,7.663972754,7.663972754,7.663972754,7.663972754,7.663972754,7.663972754,7.663972754
Lagorchestes_conspicillatus,15.8691109772496,15.8691109772496,15.8691109772496,15.8691109772496,15.8691109772496,15.8691109772496,15.8691109772496,15.8691109772496,15.8691109772496,15.8691109772496,15.8691109772496,15.8691109772496,15.8691109772496,15.8691109772496,15.8691109772496,15.8691109772496,15.8691109772496,15.8691109772496,15.8691109772496,15.8691109772496,15.8691109772496,15.8691109772496,15.8691109772496,15.8691109772496,15.8691109772496
Lagorchestes_hirsutus,10.0446446590886,10.0446446590886,10.0446446590886,10.0446446590886,10.0446446590886,10.0446446590886,10.0446446590886,10.0446446590886,10.0446446590886,10.0446446590886,10.0446446590886,10.0446446590886,10.0446446590886,10.0446446590886,10.0446446590886,10.0446446590886,10.0446446590886,10.0446446590886,10.0446446590886,10.0446446590886,10.0446446590886,10.0446446590886,10.0446446590886,10.0446446590886,10.0446446590886
Lagostrophus_fasciatus,10.79540581,10.79540581,10.79540581,10.79540581,10.79540581,10.79540581,10.79540581,10.79540581,10.79540581,10.79540581,10.79540581,10.79540581,10.79540581,10.79540581,10.79540581,10.79540581,10.79540581,10.79540581,10.79540581,10.79540581,10.79540581,10.79540581,10.79540581,10.79540581,10.79540581
Macropus_fuliginosus,21.0351030538864,21.0351030538864,21.0351030538864,21.0351030538864,21.0351030538864,21.0351030538864,21.0351030538864,21.0351030538864,21.0351030538864,21.0351030538864,21.0351030538864,21.0351030538864,21.0351030538864,21.0351030538864,21.0351030538864,21.0351030538864,21.0351030538864,21.0351030538864,21.0351030538864,21.0351030538864,21.0351030538864,21.0351030538864,21.0351030538864,21.0351030538864,21.0351030538864
Macropus_giganteus,22.49354483,22.49354483,22.49354483,22.49354483,22.49354483,22.49354483,22.49354483,22.49354483,22.49354483,22.49354483,22.49354483,22.49354483,22.49354483,22.49354483,22.49354483,22.49354483,22.49354483,22.49354483,22.49354483,22.49354483,22.49354483,22.49354483,22.49354483,22.49354483,22.49354483
Notamacropus_agilis,12.63760323,12.63760323,12.63760323,12.63760323,12.63760323,12.63760323,12.63760323,12.63760323,12.63760323,12.63760323,12.63760323,12.63760323,12.63760323,12.63760323,12.63760323,12.63760323,12.63760323,12.63760323,12.63760323,12.63760323,12.63760323,12.63760323,12.63760323,12.63760323,12.63760323
Notamacropus_irma,15.3822593062974,15.3822593062974,15.3822593062974,15.3822593062974,15.3822593062974,15.3822593062974,15.3822593062974,15.3822593062974,15.3822593062974,15.3822593062974,15.3822593062974,15.3822593062974,15.3822593062974,15.3822593062974,15.3822593062974,15.3822593062974,15.3822593062974,15.3822593062974,15.3822593062974,15.3822593062974,15.3822593062974,15.3822593062974,15.3822593062974,15.3822593062974,15.3822593062974
Onychogalea_fraenata,10.9870687,10.9870687,10.9870687,10.9870687,10.9870687,10.9870687,10.9870687,10.9870687,10.9870687,10.9870687,10.9870687,10.9870687,10.9870687,10.9870687,10.9870687,10.9870687,10.9870687,10.9870687,10.9870687,10.9870687,10.9870687,10.9870687,10.9870687,10.9870687,10.9870687
Onychogalea_unguifera,10.58914872,10.58914872,10.58914872,10.58914872,10.58914872,10.58914872,10.58914872,10.58914872,10.58914872,10.58914872,10.58914872,10.58914872,10.58914872,10.58914872,10.58914872,10.58914872,10.58914872,10.58914872,10.58914872,10.58914872,10.58914872,10.58914872,10.58914872,10.58914872,10.58914872
Osphranter_antilopinus,13.9219757259384,13.9219757259384,13.9219757259384,13.9219757259384,13.9219757259384,13.9219757259384,13.9219757259384,13.9219757259384,13.9219757259384,13.9219757259384,13.9219757259384,13.9219757259384,13.9219757259384,13.9219757259384,13.9219757259384,13.9219757259384,13.9219757259384,13.9219757259384,13.9219757259384,13.9219757259384,13.9219757259384,13.9219757259384,13.9219757259384,13.9219757259384,13.9219757259384
Osphranter_robustus,17.84085473,17.84085473,17.84085473,17.84085473,17.84085473,17.84085473,17.84085473,17.84085473,17.84085473,17.84085473,17.84085473,17.84085473,17.84085473,17.84085473,17.84085473,17.84085473,17.84085473,17.84085473,17.84085473,17.84085473,17.84085473,17.84085473,17.84085473,17.84085473,17.84085473
Osphranter_rufus,14.3302072253554,14.3302072253554,14.3302072253554,14.3302072253554,14.3302072253554,14.3302072253554,14.3302072253554,14.3302072253554,14.3302072253554,14.3302072253554,14.3302072253554,14.3302072253554,14.3302072253554,14.3302072253554,14.3302072253554,14.3302072253554,14.3302072253554,14.3302072253554,14.3302072253554,14.3302072253554,14.3302072253554,14.3302072253554,14.3302072253554,14.3302072253554,14.3302072253554
Petrogale_brachyotis,14.4060015797329,14.4060015797329,14.4060015797329,14.4060015797329,14.4060015797329,14.4060015797329,14.4060015797329,14.4060015797329,14.4060015797329,14.4060015797329,14.4060015797329,14.4060015797329,14.4060015797329,14.4060015797329,14.4060015797329,14.4060015797329,14.4060015797329,14.4060015797329,14.4060015797329,14.4060015797329,14.4060015797329,14.4060015797329,14.4060015797329,14.4060015797329,14.4060015797329
Petrogale_penicillata,11.08557973,11.08557973,11.08557973,11.08557973,11.08557973,11.08557973,11.08557973,11.08557973,11.08557973,11.08557973,11.08557973,11.08557973,11.08557973,11.08557973,11.08557973,11.08557973,11.08557973,11.08557973,11.08557973,11.08557973,11.08557973,11.08557973,11.08557973,11.08557973,11.08557973
Petrogale_persephone,11.01171973,11.01171973,11.01171973,11.01171973,11.01171973,11.01171973,11.01171973,11.01171973,11.01171973,11.01171973,11.01171973,11.01171973,11.01171973,11.01171973,11.01171973,11.01171973,11.01171973,11.01171973,11.01171973,11.01171973,11.01171973,11.01171973,11.01171973,11.01171973,11.01171973
Potorous_tridactylus,23.6828224375341,23.6828224375341,23.6828224375341,23.6828224375341,23.6828224375341,23.6828224375341,23.6828224375341,23.6828224375341,23.6828224375341,23.6828224375341,23.6828224375341,23.6828224375341,23.6828224375341,23.6828224375341,23.6828224375341,23.6828224375341,23.6828224375341,23.6828224375341,23.6828224375341,23.6828224375341,23.6828224375341,23.6828224375341,23.6828224375341,23.6828224375341,23.6828224375341
Setonix_brachyurus,17.8465215891066,17.8465215891066,17.8465215891066,17.8465215891066,17.8465215891066,17.8465215891066,17.8465215891066,17.8465215891066,17.8465215891066,17.8465215891066,17.8465215891066,17.8465215891066,17.8465215891066,17.8465215891066,17.8465215891066,17.8465215891066,17.8465215891066,17.8465215891066,17.8465215891066,17.8465215891066,17.8465215891066,17.8465215891066,17.8465215891066,17.8465215891066,17.8465215891066
Thylogale_stigmatica,12.05979421,12.05979421,12.05979421,12.05979421,12.05979421,12.05979421,12.05979421,12.05979421,12.05979421,12.05979421,12.05979421,12.05979421,12.05979421,12.05979421,12.05979421,12.05979421,12.05979421,12.05979421,12.05979421,12.05979421,12.05979421,12.05979421,12.05979421,12.05979421,12.05979421
Thylogale_thetis,11.12141018,11.12141018,11.12141018,11.12141018,11.12141018,11.12141018,11.12141018,11.12141018,11.12141018,11.12141018,11.12141018,11.12141018,11.12141018,11.12141018,11.12141018,11.12141018,11.12141018,11.12141018,11.12141018,11.12141018,11.12141018,11.12141018,11.12141018,11.12141018,11.12141018
Wallabia_bicolor,13.43151577,13.43151577,13.43151577,13.43151577,13.43151577,13.43151577,13.43151577,13.43151577,13.43151577,13.43151577,13.43151577,13.43151577,13.43151577,13.43151577,13.43151577,13.43151577,13.43151577,13.43151577,13.43151577,13.43151577,13.43151577,13.43151577,13.43151577,13.43151577,13.43151577
'14',9.481742356516689,8.747800991723134,9.951026185052744,7.811705416664847,7.4715317584432865,8.671801020852808,12.577898122448733,13.252606642802125,10.195481032124269,9.14451491174427,9.390007598370985,9.487303728371177,12.607377148642353,12.407159839582166,7.323271014366063,10.510924910981583,10.040553763649369,8.969213743604957,12.386754593959346,9.061259555723625,9.033178331913442,9.127026119852376,9.831513168909758,9.128183191897078,11.151263589732821
'25',23.11708790705396,14.841965078479083,13.009977362947982,10.613711244165897,13.264197375199823,15.425058709849779,13.176843921906908,7.909370132505399,17.613390235674995,20.567170113082792,10.68855972106383,15.380186593832716,6.293910936183539,11.072450166323964,13.927589168171034,14.096498634158664,14.81779784951013,10.1388338818693,15.032446626510872,11.120594023666207,12.377777385335541,16.540296396486006,13.697685783814418,13.870632015206679,12.34889503458833
'37',8.33103124575261,9.45816256706466,8.561549037666722,7.9568855558969265,8.030801646189476,6.18145733571474,9.10934844272013,6.060877889998914,9.217543009655834,8.808314044248618,12.018780408689047,8.520044288758271,8.445448008070446,6.634505224292645,10.109205232660619,10.129460397783383,8.027085371793087,9.618003229321348,5.624171935555434,7.3039404806691755,7.865811824920503,6.622679873039295,6.1806375012057915,7.063203646169882,5.464797464720726
'36',6.215029593578867,4.650678215883914,9.732102600930194,8.328946959890192,5.338129566228781,4.6867502899296065,9.643259623323091,5.647245817721703,9.560883410752249,11.152110469772985,12.528183258664741,10.736203569328918,7.176757095193358,9.139398623610875,6.990957507866934,10.173246225989807,7.045576145985592,12.53403876619056,8.637153878741353,5.644213076075935,8.81411189410644,9.238036277056377,5.623243591559906,9.38084723650388,3.1379871610024743
'35',10.545459103975507,11.282816845260214,14.271876338066253,11.747094177110808,7.5887727952707875,8.84277988915676,13.571403402968166,10.72716514734683,13.659296162868142,15.771807775680879,14.273858674777633,12.832086002380452,11.578610179160684,11.386408080587366,10.739157023918857,12.341873697907268,11.121113143587362,18.193729733811754,10.58779917429262,11.430725063755721,11.965659572002258,11.552717968544131,10.746884824870031,13.571372250114917,6.550877307817118
'34',9.468612366677755,11.489148655645495,11.849309936953942,10.639485438034846,12.758878878163445,9.95731460569146,10.18471030278342,11.42844671368831,10.190362685437913,10.043558673549894,7.6070889794825804,11.920562126335602,10.671220806533315,11.354936033576887,10.808795762360266,8.843801721440697,11.014667702143512,10.944556669446648,11.939947020755234,8.636939597988743,10.467207512137508,8.75439775122869,10.453153541658768,10.61303312130773,12.904445007098722
'33',12.112809469562345,10.572040946813242,11.183898551149818,9.54950867047476,12.955536100093292,11.718383454265586,10.740503943318947,11.861747487412233,11.029831999838025,11.501304991384167,12.70947466522711,11.45936400280228,11.395453645599398,10.89731853441821,12.845544336915236,7.043620231350681,13.05660481923535,11.513952870606037,11.700810717951647,11.805602986286152,12.310225413469045,11.023792202285009,9.014192641584815,12.644293889400641,12.42416946153076
'51',12.039781423637017,15.392221060384983,11.310721430189371,9.277978402334265,12.490441965704262,12.638064813739936,11.357941562441484,10.574588026097702,13.489494963736803,15.376253784100946,11.832135870783244,13.68394467544734,8.038117530943929,13.999063061789585,13.136246628169957,8.148060627866768,13.474869128353934,11.37347045976341,13.363404869786073,11.628215369993068,11.735320024881235,10.344086558674594,7.7935880570552305,12.208212103482344,12.521179847048849
'57',8.912422355892472,12.064902190515994,9.315647823889016,10.595106592936,13.82918776541982,14.332423949723058,10.650449415089632,11.05825004530171,13.308110629603119,13.480575972091229,13.53928884777399,12.367822780736763,9.776537491332824,9.719629519181693,12.561519180859516,8.038405258151068,11.683641342610844,11.174360638630422,10.451730149274043,12.693769056445582,14.991460848479115,12.930207329052795,9.507115024388458,12.893192471308225,12.794867005202224
'56',15.651135008712457,13.647437444701522,16.52493984133975,12.125631008364701,15.390101900531537,14.667131583531331,13.854064762207601,13.173279844486945,17.17431187658889,12.283984757929506,14.684842375728282,16.611134542054266,10.953044179026245,12.984707709451193,13.586864408693604,8.766704915271035,13.85390111916995,14.151380996268212,15.260059617792043,11.272004634020293,10.803355860864253,15.352824281672223,12.303531602176129,16.570995810463103,12.277714717712843
'63',15.416416451115488,15.455438556859036,17.34373319030489,15.533155365288195,16.08166328084211,16.27021375347461,15.602427652408993,15.765413101776561,15.408959798452507,15.538330578431344,15.726887513866053,15.87252414756554,14.66012551474108,15.706267241479894,15.268218219432795,14.58429565374164,17.063051818596346,17.704411431279738,16.53694296618114,14.50591702705687,16.937889374079653,16.256210976848667,16.693715410557793,15.514093153483453,13.674746965724554
'73',23.34629669322043,20.317192270795662,22.365881413197513,21.722474198783,21.236867601563578,21.898669262913426,24.145395707665354,20.78154323991681,23.14942844965655,20.263656342416056,22.733925352647553,23.56793622417384,20.844771925053724,21.247025915222295,23.280669986316397,19.948971325224772,22.905172273232736,19.175319235272525,22.10144597947547,22.76559812337017,23.651121520784454,22.643194192638855,20.03310492672604,22.618505304330863,22.2178101105681
'84',13.070872198423954,12.7366098119587,15.159446037795819,11.581532529742935,13.642134500333636,13.41125328974258,13.243731002774679,12.809195933791337,11.187736543143036,11.701201937140231,11.714665882094735,13.389618943869303,12.847144928160132,13.08469939521757,14.116277564853856,13.671095498449068,12.828870215276003,10.93797764996444,10.675215605072248,15.422885158579062,11.48195948917945,14.228893317054272,12.689126696846952,13.600723102997483,12.518265936094426
'82',11.013977865247844,11.406398304776289,11.957240564064884,12.311071499348685,10.133136272640936,10.728073274522792,10.99391182622766,11.594454113093798,11.032290097734963,9.745792776059305,10.206339369756734,11.022036706935522,12.239332548588855,10.241021930991328,10.205331312062599,11.033551613113842,9.328002777763635,10.573538877013592,10.175049857279909,11.925898702356658,10.411148107580136,10.577077861487592,10.999163133948793,10.672507665233,11.597873680096557
'13',15.172264012663732,12.784900256215614,8.701797918769753,17.19021864634614,18.441369574903952,14.989809270461752,10.386589207937442,12.62082693147317,7.2133512303574525,12.618284835718661,11.744177125817165,10.427274496248309,9.038052554589001,13.698894685334459,9.341488270115516,8.502937030711491,11.614280450781303,13.550236901573205,11.354550212651407,9.596611574533773,5.038438576050972,14.951948227441854,18.184663513482473,15.04552043386655,15.317902353132672
'43',9.66532624949744,12.133776225222546,10.981141167581802,12.07125635506368,12.745833922118281,10.563899672734449,9.420958711195455,11.694572658862784,10.572358040462593,10.768005715178134,7.071612946928905,11.571054538986242,9.790664272686032,10.999868548948976,10.378087904327561,9.660139989021543,11.989135567096247,10.782945952976286,11.463042808320491,8.623264210141668,11.441901086083234,9.216869597319441,11.069157196439722,9.769356067180377,11.651074353869593
'50',12.245785562437003,14.114194887319892,11.033439048374662,6.89203487480689,13.068453488633201,13.544823903830917,12.270212742254087,10.22563922201569,15.758095031840734,15.89524936694158,10.917119592076858,15.300998089237067,8.731856825897498,13.106582576319232,13.282001274968353,9.24208939496792,13.763641259577199,10.654850633827571,14.424477695108697,11.24697392995745,12.194377507408557,9.973440315818186,7.473000850541138,12.25021150357697,12.269752390562287
'48',15.655112388815644,13.519901267769693,17.166231438539214,12.014182026422,14.335526557351182,14.347722281580731,13.28050676788227,11.081752626005745,16.493400513122115,12.525481497075416,14.375971313341411,15.025026167899156,9.93473603430933,13.571451189735402,14.944302289573313,8.616092334456976,14.878683822504609,14.541935605698653,16.668780156123155,11.242568720165083,10.467859712883802,14.86049235883678,11.301905421533846,16.454074450879308,12.65758900934376
'47',15.053581172490798,15.724011626907863,16.124982207244543,15.617961130047792,15.380295209483311,15.619790627826731,15.906475509800643,14.961649419375156,15.481387374116425,15.179709853770625,14.588760367618438,14.962838363494274,14.38818493592837,16.319852157193285,14.282310527090782,13.69987876016533,16.570330717261363,16.72439679548066,14.812742923653406,14.053399712834604,17.173761895253158,16.168974456269215,15.25139162202012,14.609373807418978,12.952098686163545
'49',12.245785562437003,14.114194887319892,11.033439048374662,6.89203487480689,13.068453488633201,13.544823903830917,12.270212742254087,10.22563922201569,15.758095031840734,15.89524936694158,10.917119592076858,15.300998089237067,8.731856825897498,13.106582576319232,13.282001274968353,9.24208939496792,13.763641259577199,10.654850633827571,14.424477695108697,11.24697392995745,12.194377507408557,9.973440315818186,7.473000850541138,12.25021150357697,12.269752390562287
'68',13.884753073267824,15.281628474898799,17.729528635225936,12.413272467132384,15.055281390793787,13.237451121868137,14.692353154241546,11.568687727581537,15.960936509419493,12.488312628699477,14.921048469185216,15.834110394616136,11.89991309753275,14.411171071412397,13.932317093219757,9.839504141073727,14.731951529902776,13.885552771658354,17.073391820976333,11.957698791343748,10.9963625999734,16.16557969431376,11.184743140902672,17.82709336644934,11.451363686801198
'60',11.169744833444378,13.126672218312786,9.5573378356883,8.291896363201857,14.207045132154983,13.543960854786036,11.342821449000178,10.761784056300122,15.408165285181237,15.30031605626197,11.254338382383008,14.084150458266901,9.10466873821913,12.030077224868648,12.206763550366015,7.6178765826099255,13.309803844310517,11.212682596261137,12.231621520521534,11.351768083582547,12.926075865208352,11.673538795195816,9.63766718333505,12.09696720656471,13.499414364992406
'72',15.30802184216817,15.348267573185773,17.35112879820476,13.230907719008034,14.937674178362782,14.075402014561147,15.082371502280514,13.052377835344812,17.124524679511296,13.162650413179971,15.659055959753656,16.995735712172962,13.093803072207457,15.034127273471519,14.360918401193713,9.996912437877578,15.230666895696311,14.269981921243025,16.370943357831635,12.99947083186169,11.999345491777904,16.402295804398726,11.562955353497612,18.574079351887807,13.13763305528422
'87',15.789962042064339,16.239135298045774,17.147929018540236,11.594851711716796,16.005023259677802,13.762742988256962,14.823902680350626,11.866192735548628,17.070706399731208,12.193718489905981,14.080423945779044,17.093621473095766,14.244247539181645,15.117083608720435,14.44248083547376,11.506921213833772,14.786818231474847,12.605829753819249,16.297864330761456,11.992911803560897,11.921101645228735,16.16150422783642,13.053192178479772,18.630758361963142,13.069338790587214
'83',15.66262372367488,16.185675047039183,17.289906414462845,13.17425006118503,15.92290833205621,14.305193926872644,15.150945824740056,11.925256508244937,17.440650632232735,11.652986023242292,15.591370798185373,17.109184508776572,13.8459266946938,13.987748793411283,14.192255937888755,11.469585719774253,15.033792797288502,11.90649325528536,15.88429675216821,12.181331520564203,12.034809999610584,15.717837081001937,13.122956253561165,17.965667330669028,13.334044211852165
'80',15.66262372367488,16.185675047039183,17.289906414462845,13.17425006118503,15.92290833205621,14.305193926872644,15.150945824740056,11.925256508244937,17.440650632232735,11.652986023242292,15.591370798185373,17.109184508776572,13.8459266946938,13.987748793411283,14.192255937888755,11.469585719774253,15.033792797288502,11.90649325528536,15.88429675216821,12.181331520564203,12.034809999610584,15.717837081001937,13.122956253561165,17.965667330669028,13.334044211852165
'79',12.472978092162654,14.5203020137475,13.127986968389477,10.686047090112694,15.680411164169762,14.456823209667952,12.514301921582547,11.161042996979816,15.803933512527161,14.241599327902538,13.037842030229525,14.723687318375143,10.738075272087189,13.518323352045561,13.224884573546065,9.553990403055305,13.361611994863065,11.607725685294055,14.21452153986741,11.435781222871258,12.072733777690425,13.251918844912305,11.091272499636267,14.650269939824508,13.384076772064303
'94',11.096255006852092,14.827359257832894,13.013065343923902,10.582554667981894,15.034891130777781,14.772961532970312,12.848305338506844,9.810343740567115,15.743079570203143,13.130557955297434,12.820987969962681,14.576670370906694,11.678349867261584,14.017866360823495,12.658381917278323,10.084935421083289,11.644049486304635,11.043025128731223,12.462538284026676,10.378977842924453,12.730365723825756,14.21291922945492,11.768959574829827,14.307028585367588,11.932694641751961
'92',6.249370443162248,14.71787411570269,16.009366307465413,7.434825083481853,14.076596884950282,15.358664056567298,12.963253709172673,9.22670799695272,17.53725104782591,7.037381413089281,15.553565770883003,11.440187815973603,14.901908869370052,11.710354108363584,14.176508132182368,12.70449890539369,13.697481512489551,9.042504421855737,14.251058285958415,10.284950187695264,11.368063858343579,12.765612392953626,11.064235303670198,13.53306054627195,8.17792187962223
'78',8.701336429562916,11.956532872236002,16.50149038533982,9.814564679605523,12.15422687629476,13.492789265751101,12.796567173054202,8.38022521580899,16.56128925417241,8.888335810483678,15.763713363925186,13.605234775111276,15.697651628467208,11.165942374545759,14.021584110272952,12.425915143721284,15.372889202470557,12.19499366844676,13.013110515237218,13.001602980511334,10.186594128266027,13.800878907646409,8.683937868979783,12.00947364983392,7.382525204395533
'98',10.261212382537925,6.818151563431441,14.413156875536572,1.6214177183853642,8.649631212864097,12.86772677260577,12.178673270665987,9.564611433590775,14.585401885894846,9.03798532339164,12.437658094492564,13.672907430410147,15.796486899183638,11.600169659776947,9.785195650367363,8.31989198040931,8.673133874021715,16.670501143203314,5.427423996965015,10.953080610705442,12.232043310971468,13.976607794119424,8.167814825141853,12.274218709989546,9.077793888440825
'97',14.073767693520923,10.324194111842758,15.875235422200058,1.8402439982949446,11.60971602269731,14.743142473200676,14.34765702560631,8.460691432419868,14.422460220525839,11.875626421233532,14.622540830437407,13.402321943752852,13.654771597212411,8.723123383763598,12.66502888249846,10.334625786240224,7.841071648885505,18.166406670651284,8.324349120270846,9.563419361682314,8.186567683254948,17.92168884638135,6.609809432268538,14.599232164635005,8.032517573839218
'77',15.147541125695614,15.597804491965393,19.316239789146046,3.699641093876127,8.483625320372516,12.518634302653531,17.95634127496595,7.314621468458301,10.824483446755062,15.364349673591565,15.377527696021941,15.09050338981767,14.904937131150593,9.123132917780534,13.00486452488693,8.668536386482124,7.1337248933316255,16.679568481570413,10.172765237097302,6.4230152814901995,9.3796235343486,19.587532635647925,4.377210230251333,13.045008444579953,9.272938718024625
Node 69,13.171899140984126,14.142956209000566,15.819969578087951,9.762507199384991,12.757609740352276,14.017894694514485,17.34902162706465,5.700727701970882,4.822724235196222,16.798054854297867,13.71342474211171,10.545902655756372,10.901543975194645,11.07718528963494,12.565295093685918,7.892987514007936,7.43398611702321,15.716102221988297,11.009668648572532,8.129119243361577,12.894871024124184,18.788566740827005,7.313689698237815,13.509793114008835,9.82234439653204
