Species,231,232,233,234,235,236,237,238,239,2310,2311,2312,2313,2314,2315,2316,2317,2318,2319,2320,2321,2322,2323,2324,2325
Thylacinus_cynocephalus,137.3723818,137.3723818,137.3723818,137.3723818,137.3723818,137.3723818,137.3723818,137.3723818,137.3723818,137.3723818,137.3723818,137.3723818,137.3723818,137.3723818,137.3723818,137.3723818,137.3723818,137.3723818,137.3723818,137.3723818,137.3723818,137.3723818,137.3723818,137.3723818,137.3723818
Dasyurus_maculatus,134.2182937,134.2182937,134.2182937,134.2182937,134.2182937,134.2182937,134.2182937,134.2182937,134.2182937,134.2182937,134.2182937,134.2182937,134.2182937,134.2182937,134.2182937,134.2182937,134.2182937,134.2182937,134.2182937,134.2182937,134.2182937,134.2182937,134.2182937,134.2182937,134.2182937
Dasyurus_viverrinus,120.6087,120.6087,120.6087,120.6087,120.6087,120.6087,120.6087,120.6087,120.6087,120.6087,120.6087,120.6087,120.6087,120.6087,120.6087,120.6087,120.6087,120.6087,120.6087,120.6087,120.6087,120.6087,120.6087,120.6087,120.6087
Pseudocheirus_peregrinus,140.782759332038,140.782759332038,140.782759332038,140.782759332038,140.782759332038,140.782759332038,140.782759332038,140.782759332038,140.782759332038,140.782759332038,140.782759332038,140.782759332038,140.782759332038,140.782759332038,140.782759332038,140.782759332038,140.782759332038,140.782759332038,140.782759332038,140.782759332038,140.782759332038,140.782759332038,140.782759332038,140.782759332038,140.782759332038
Spilocuscus_maculatus,132.791743007846,132.791743007846,132.791743007846,132.791743007846,132.791743007846,132.791743007846,132.791743007846,132.791743007846,132.791743007846,132.791743007846,132.791743007846,132.791743007846,132.791743007846,132.791743007846,132.791743007846,132.791743007846,132.791743007846,132.791743007846,132.791743007846,132.791743007846,132.791743007846,132.791743007846,132.791743007846,132.791743007846,132.791743007846
Trichosurus_vulpecula,134.2580808,134.2580808,134.2580808,134.2580808,134.2580808,134.2580808,134.2580808,134.2580808,134.2580808,134.2580808,134.2580808,134.2580808,134.2580808,134.2580808,134.2580808,134.2580808,134.2580808,134.2580808,134.2580808,134.2580808,134.2580808,134.2580808,134.2580808,134.2580808,134.2580808
Hypsiprymnodon_moschatus,147.6467776,147.6467776,147.6467776,147.6467776,147.6467776,147.6467776,147.6467776,147.6467776,147.6467776,147.6467776,147.6467776,147.6467776,147.6467776,147.6467776,147.6467776,147.6467776,147.6467776,147.6467776,147.6467776,147.6467776,147.6467776,147.6467776,147.6467776,147.6467776,147.6467776
Aepyprymnus_rufescens,126.8029073,126.8029073,126.8029073,126.8029073,126.8029073,126.8029073,126.8029073,126.8029073,126.8029073,126.8029073,126.8029073,126.8029073,126.8029073,126.8029073,126.8029073,126.8029073,126.8029073,126.8029073,126.8029073,126.8029073,126.8029073,126.8029073,126.8029073,126.8029073,126.8029073
Bettongia_penicillata,123.400903113942,123.400903113942,123.400903113942,123.400903113942,123.400903113942,123.400903113942,123.400903113942,123.400903113942,123.400903113942,123.400903113942,123.400903113942,123.400903113942,123.400903113942,123.400903113942,123.400903113942,123.400903113942,123.400903113942,123.400903113942,123.400903113942,123.400903113942,123.400903113942,123.400903113942,123.400903113942,123.400903113942,123.400903113942
Bettongia_tropica,133.0710561,133.0710561,133.0710561,133.0710561,133.0710561,133.0710561,133.0710561,133.0710561,133.0710561,133.0710561,133.0710561,133.0710561,133.0710561,133.0710561,133.0710561,133.0710561,133.0710561,133.0710561,133.0710561,133.0710561,133.0710561,133.0710561,133.0710561,133.0710561,133.0710561
Dendrolagus_bennettianus,121.148593869726,121.148593869726,121.148593869726,121.148593869726,121.148593869726,121.148593869726,121.148593869726,121.148593869726,121.148593869726,121.148593869726,121.148593869726,121.148593869726,121.148593869726,121.148593869726,121.148593869726,121.148593869726,121.148593869726,121.148593869726,121.148593869726,121.148593869726,121.148593869726,121.148593869726,121.148593869726,121.148593869726,121.148593869726
Dendrolagus_goodfellowi,136.387487,136.387487,136.387487,136.387487,136.387487,136.387487,136.387487,136.387487,136.387487,136.387487,136.387487,136.387487,136.387487,136.387487,136.387487,136.387487,136.387487,136.387487,136.387487,136.387487,136.387487,136.387487,136.387487,136.387487,136.387487
Dendrolagus_lumholtzi,132.9294689,132.9294689,132.9294689,132.9294689,132.9294689,132.9294689,132.9294689,132.9294689,132.9294689,132.9294689,132.9294689,132.9294689,132.9294689,132.9294689,132.9294689,132.9294689,132.9294689,132.9294689,132.9294689,132.9294689,132.9294689,132.9294689,132.9294689,132.9294689,132.9294689
Dendrolagus_matschiei,148.971809500509,148.971809500509,148.971809500509,148.971809500509,148.971809500509,148.971809500509,148.971809500509,148.971809500509,148.971809500509,148.971809500509,148.971809500509,148.971809500509,148.971809500509,148.971809500509,148.971809500509,148.971809500509,148.971809500509,148.971809500509,148.971809500509,148.971809500509,148.971809500509,148.971809500509,148.971809500509,148.971809500509,148.971809500509
Dorcopsulus_vanheurni,135.3888886,135.3888886,135.3888886,135.3888886,135.3888886,135.3888886,135.3888886,135.3888886,135.3888886,135.3888886,135.3888886,135.3888886,135.3888886,135.3888886,135.3888886,135.3888886,135.3888886,135.3888886,135.3888886,135.3888886,135.3888886,135.3888886,135.3888886,135.3888886,135.3888886
Lagorchestes_conspicillatus,135.396149,135.396149,135.396149,135.396149,135.396149,135.396149,135.396149,135.396149,135.396149,135.396149,135.396149,135.396149,135.396149,135.396149,135.396149,135.396149,135.396149,135.396149,135.396149,135.396149,135.396149,135.396149,135.396149,135.396149,135.396149
Lagorchestes_hirsutus,133.878334,133.878334,133.878334,133.878334,133.878334,133.878334,133.878334,133.878334,133.878334,133.878334,133.878334,133.878334,133.878334,133.878334,133.878334,133.878334,133.878334,133.878334,133.878334,133.878334,133.878334,133.878334,133.878334,133.878334,133.878334
Lagostrophus_fasciatus,130.8081302,130.8081302,130.8081302,130.8081302,130.8081302,130.8081302,130.8081302,130.8081302,130.8081302,130.8081302,130.8081302,130.8081302,130.8081302,130.8081302,130.8081302,130.8081302,130.8081302,130.8081302,130.8081302,130.8081302,130.8081302,130.8081302,130.8081302,130.8081302,130.8081302
Macropus_fuliginosus,115.206406389776,115.206406389776,115.206406389776,115.206406389776,115.206406389776,115.206406389776,115.206406389776,115.206406389776,115.206406389776,115.206406389776,115.206406389776,115.206406389776,115.206406389776,115.206406389776,115.206406389776,115.206406389776,115.206406389776,115.206406389776,115.206406389776,115.206406389776,115.206406389776,115.206406389776,115.206406389776,115.206406389776,115.206406389776
Macropus_giganteus,117.07538974897,117.07538974897,117.07538974897,117.07538974897,117.07538974897,117.07538974897,117.07538974897,117.07538974897,117.07538974897,117.07538974897,117.07538974897,117.07538974897,117.07538974897,117.07538974897,117.07538974897,117.07538974897,117.07538974897,117.07538974897,117.07538974897,117.07538974897,117.07538974897,117.07538974897,117.07538974897,117.07538974897,117.07538974897
Notamacropus_agilis,123.228707391204,123.228707391204,123.228707391204,123.228707391204,123.228707391204,123.228707391204,123.228707391204,123.228707391204,123.228707391204,123.228707391204,123.228707391204,123.228707391204,123.228707391204,123.228707391204,123.228707391204,123.228707391204,123.228707391204,123.228707391204,123.228707391204,123.228707391204,123.228707391204,123.228707391204,123.228707391204,123.228707391204,123.228707391204
Notamacropus_irma,142.7669,142.7669,142.7669,142.7669,142.7669,142.7669,142.7669,142.7669,142.7669,142.7669,142.7669,142.7669,142.7669,142.7669,142.7669,142.7669,142.7669,142.7669,142.7669,142.7669,142.7669,142.7669,142.7669,142.7669,142.7669
Onychogalea_fraenata,134.392273203321,134.392273203321,134.392273203321,134.392273203321,134.392273203321,134.392273203321,134.392273203321,134.392273203321,134.392273203321,134.392273203321,134.392273203321,134.392273203321,134.392273203321,134.392273203321,134.392273203321,134.392273203321,134.392273203321,134.392273203321,134.392273203321,134.392273203321,134.392273203321,134.392273203321,134.392273203321,134.392273203321,134.392273203321
Onychogalea_unguifera,126.6454817,126.6454817,126.6454817,126.6454817,126.6454817,126.6454817,126.6454817,126.6454817,126.6454817,126.6454817,126.6454817,126.6454817,126.6454817,126.6454817,126.6454817,126.6454817,126.6454817,126.6454817,126.6454817,126.6454817,126.6454817,126.6454817,126.6454817,126.6454817,126.6454817
Osphranter_antilopinus,119.266638495251,119.266638495251,119.266638495251,119.266638495251,119.266638495251,119.266638495251,119.266638495251,119.266638495251,119.266638495251,119.266638495251,119.266638495251,119.266638495251,119.266638495251,119.266638495251,119.266638495251,119.266638495251,119.266638495251,119.266638495251,119.266638495251,119.266638495251,119.266638495251,119.266638495251,119.266638495251,119.266638495251,119.266638495251
Osphranter_robustus,138.452395928916,138.452395928916,138.452395928916,138.452395928916,138.452395928916,138.452395928916,138.452395928916,138.452395928916,138.452395928916,138.452395928916,138.452395928916,138.452395928916,138.452395928916,138.452395928916,138.452395928916,138.452395928916,138.452395928916,138.452395928916,138.452395928916,138.452395928916,138.452395928916,138.452395928916,138.452395928916,138.452395928916,138.452395928916
Osphranter_rufus,144.1397983,144.1397983,144.1397983,144.1397983,144.1397983,144.1397983,144.1397983,144.1397983,144.1397983,144.1397983,144.1397983,144.1397983,144.1397983,144.1397983,144.1397983,144.1397983,144.1397983,144.1397983,144.1397983,144.1397983,144.1397983,144.1397983,144.1397983,144.1397983,144.1397983
Petrogale_brachyotis,135.7323303,135.7323303,135.7323303,135.7323303,135.7323303,135.7323303,135.7323303,135.7323303,135.7323303,135.7323303,135.7323303,135.7323303,135.7323303,135.7323303,135.7323303,135.7323303,135.7323303,135.7323303,135.7323303,135.7323303,135.7323303,135.7323303,135.7323303,135.7323303,135.7323303
Petrogale_penicillata,148.2569495,148.2569495,148.2569495,148.2569495,148.2569495,148.2569495,148.2569495,148.2569495,148.2569495,148.2569495,148.2569495,148.2569495,148.2569495,148.2569495,148.2569495,148.2569495,148.2569495,148.2569495,148.2569495,148.2569495,148.2569495,148.2569495,148.2569495,148.2569495,148.2569495
Petrogale_persephone,137.731906714563,137.731906714563,137.731906714563,137.731906714563,137.731906714563,137.731906714563,137.731906714563,137.731906714563,137.731906714563,137.731906714563,137.731906714563,137.731906714563,137.731906714563,137.731906714563,137.731906714563,137.731906714563,137.731906714563,137.731906714563,137.731906714563,137.731906714563,137.731906714563,137.731906714563,137.731906714563,137.731906714563,137.731906714563
Potorous_tridactylus,134.4573632,134.4573632,134.4573632,134.4573632,134.4573632,134.4573632,134.4573632,134.4573632,134.4573632,134.4573632,134.4573632,134.4573632,134.4573632,134.4573632,134.4573632,134.4573632,134.4573632,134.4573632,134.4573632,134.4573632,134.4573632,134.4573632,134.4573632,134.4573632,134.4573632
Setonix_brachyurus,134.6397189,134.6397189,134.6397189,134.6397189,134.6397189,134.6397189,134.6397189,134.6397189,134.6397189,134.6397189,134.6397189,134.6397189,134.6397189,134.6397189,134.6397189,134.6397189,134.6397189,134.6397189,134.6397189,134.6397189,134.6397189,134.6397189,134.6397189,134.6397189,134.6397189
Thylogale_stigmatica,130.466056,130.466056,130.466056,130.466056,130.466056,130.466056,130.466056,130.466056,130.466056,130.466056,130.466056,130.466056,130.466056,130.466056,130.466056,130.466056,130.466056,130.466056,130.466056,130.466056,130.466056,130.466056,130.466056,130.466056,130.466056
Thylogale_thetis,128.5599648,128.5599648,128.5599648,128.5599648,128.5599648,128.5599648,128.5599648,128.5599648,128.5599648,128.5599648,128.5599648,128.5599648,128.5599648,128.5599648,128.5599648,128.5599648,128.5599648,128.5599648,128.5599648,128.5599648,128.5599648,128.5599648,128.5599648,128.5599648,128.5599648
Wallabia_bicolor,138.6449125,138.6449125,138.6449125,138.6449125,138.6449125,138.6449125,138.6449125,138.6449125,138.6449125,138.6449125,138.6449125,138.6449125,138.6449125,138.6449125,138.6449125,138.6449125,138.6449125,138.6449125,138.6449125,138.6449125,138.6449125,138.6449125,138.6449125,138.6449125,138.6449125
'14',128.60109683325973,125.69668611697236,126.94453169332152,127.35970254563587,129.05800583333257,127.54459003948153,129.1389999470377,125.01460136410869,124.91754058419065,127.92156627897756,125.07707639571618,130.93175824498908,126.40794646127267,128.58769710172646,127.97325585981255,127.3203402190001,126.98039060616873,126.23460133680605,127.43131169856986,126.19545228807672,129.25616609886552,125.56512686937658,127.81860081223329,127.35666945271167,129.23843483140638
'25',125.81571019753605,132.47170661500897,137.1006881505202,131.8166629406202,132.95095293846322,133.82934962757196,135.90983503162855,126.61887390257455,133.37956622291065,129.82113923118743,128.70451104846464,134.88262976790463,136.19681682394963,128.82176081646406,131.94610059239338,128.7100681797468,133.0131751904188,132.47505727853954,137.2730027807017,137.0723092151876,136.4820886987849,133.11637379081318,138.5824088225209,129.19262752239553,135.10823884183495
'37',128.41705945410556,129.29997635017213,127.07041853194293,127.67795392122147,128.82569255965004,128.79152739970507,126.97904625570418,128.72987537375633,127.67636014794375,126.4015482066177,125.12548783345622,126.71444283155557,129.12520527045208,126.94401412950407,129.03822639231248,128.19274321291482,128.73616205654542,129.58351193676103,131.8348797226656,128.5162876544787,129.1612292053192,127.41032190347691,125.84782245772149,127.41413664068563,129.11307128548154
'36',127.65694027389067,132.332654310367,126.11423673653587,127.33955484892061,127.19055747572784,132.1787220318788,127.92346747421051,127.492987472506,127.82001820425705,130.01886908015317,124.41690530746918,125.46410791194326,127.11676797784935,128.26878656697852,126.01725632371782,126.13831616459295,127.44239775073896,127.77084181955527,128.8529279634325,129.37160301840441,127.36742161255381,128.356589143693,128.48000626958296,126.44853263759167,130.6359231467041
'35',128.96653024228846,136.29663913264653,128.77904707704397,128.86503531900695,126.63331037263077,133.54511775137988,126.27321916698384,130.3436467901846,128.05445329896014,132.1817138674307,124.38953258883446,123.92642022027442,128.3910533032759,127.4719389579194,129.387638163219,129.71026052092705,128.70631749898993,130.3698307030591,126.3244517092536,132.21722512966105,128.3039307767215,128.22515859222523,130.1208125383264,127.15551524447271,127.82448960132334
'34',141.7123710283616,142.21030598129815,142.32748937050684,142.1540072539101,143.03705548705256,142.4912903998201,144.4794351388912,143.81224325369865,142.1138748206899,142.68625254076156,142.0700025235044,143.48733418717265,143.07976473714157,144.96930075118595,142.2621368934134,143.59452406384685,142.5378813138605,144.70516578664507,145.74799917739756,143.72301870200246,145.71105218704525,142.3553141513027,142.28480853231557,140.84377255990478,142.70046187807984
'33',142.45455562530316,142.35807946274073,143.8628257532827,143.51914386912222,144.0896483423556,140.62720896982026,139.05104727728522,142.37018214531756,145.20251088417405,139.3239671304369,141.25029801828322,142.37033002531254,142.6793628046417,140.59176809376714,141.10782175611715,141.90256954516283,141.9733577083623,143.5544609868902,141.6349944785497,141.81059169920525,144.0628502502841,142.44043090282184,143.72661600533363,142.76392425264444,144.7513802629015
'51',139.50882482187046,137.11326485849037,140.07155960982112,139.7222634281419,139.55784924377787,136.74579502795598,137.1432093813164,140.22283522743137,140.3840097075348,135.63182174486775,138.9220288040232,138.46454068892425,136.41685088587772,137.27463385151006,139.00383566932376,136.91857199275765,141.41606493625287,138.89147915999973,140.32858249460216,137.65249593544712,140.1583305003163,135.27795404391657,140.61461657057347,139.68513777602595,139.24489574224086
'57',128.1131102716229,128.94842883618512,128.07342387541627,128.8184858559735,130.63897553851208,130.93591296030854,133.86544606046684,129.59229655551286,129.46948092111433,126.08665357398307,125.93337009997242,127.10978763145606,131.82022496872585,125.56174176543517,126.39881597311553,130.4166309405227,128.47737216547546,124.97318659812404,128.47480655767157,124.92147036079135,132.5143047870377,127.35966104016865,128.60915946599252,126.91328370795438,131.10100629645308
'56',134.32034865044153,130.6696128048815,133.17104978339736,134.31839342218163,134.0644903138553,132.54930851892402,135.43620534615616,134.23234672695534,132.0509333003055,134.9891392546091,130.4035129137274,134.96177113460303,133.40302391996596,132.69679832498042,130.85169214870064,133.5733507541843,135.24515548774954,131.1884479298302,133.55222958547589,130.64494289560744,132.46550638686577,129.45858126563286,135.95562880140866,130.740896882469,131.62417643190648
'63',129.29260328680428,128.08500308813677,128.1320126793977,128.76043643003482,128.46072833340293,129.4061449509781,128.26715240814042,129.15838944085618,129.73542421094916,130.7983999530377,127.72414685435042,128.6942112343909,128.23276296258155,129.02201658050151,128.63937455680733,128.8641697506032,128.37448884574735,129.789510339942,129.66728806355007,129.1012342893134,127.41652440933265,130.40905306072113,129.0837649036037,129.233869202564,129.73932511664052
'73',116.43574200511144,117.23888874044752,115.01931927419064,114.45595098255764,117.6989285102126,115.32204804137068,117.1666974853199,116.39789998155503,115.96219062305455,117.63630931591007,115.93284437531553,116.32192467400212,113.87688995612824,116.64132989215895,115.14853949187946,116.16481151992954,114.91808773568945,116.15382813108904,115.15503053743474,116.15134817891801,116.42923059100751,116.04970416637104,115.33587811375435,116.29981652133483,116.40945686895417
'84',135.4688176284005,132.76923974446723,132.94834419372896,135.45985183908425,132.00175416063058,133.53344445686838,134.45463782786757,133.86545091295892,135.61362902721467,132.43142361214908,134.57294010356424,136.43007916452675,132.27381751099415,136.0300652978078,134.2631130879775,133.00484029652924,133.2183583876255,133.97921257302858,134.9086625534603,132.31910972382252,134.29463837702232,135.12914315570157,136.34528501250708,132.96845041679805,134.83090775355123
'82',131.99246681691707,131.13336069968494,129.9527206774701,130.3710888855122,129.42496518768436,130.98425357541907,129.28033072491823,129.846013778459,129.96485000858098,130.84526817761102,131.45382712156925,130.60004799165313,130.46761973118024,131.5270695501697,129.70707375741708,131.72274524706364,131.02704958942365,129.49376849458412,130.44091683421885,129.96731746885627,129.93932479381755,129.13188966351336,130.35329643890526,131.6588418503211,128.9497210928057
'13',128.80525826360596,129.84709541396006,129.4645215228684,131.19625078838408,132.77404976509163,128.91855723447952,136.1199840454377,124.5509950098446,127.5372981184307,128.25931233514873,133.31975361922474,132.03467247129828,131.03568864188907,133.18934020356363,142.8163779320167,128.30371628505083,128.4214350051887,128.9804383504577,132.65447328431588,133.02842659365228,132.4998133682484,127.25340884434979,125.61079933071555,134.13957089347514,137.6498644340873
'43',140.392288715045,141.73931890936638,141.46481564796684,141.8309735448073,142.78630383913907,141.61447029401822,142.9311931676763,143.4026812625145,142.78585279365734,143.07172361340724,141.3165941894682,141.88918774730533,142.64196032259485,144.96959752409296,141.91454809925543,142.77137574086512,142.05185384211075,145.16443525002927,145.16233314144878,144.40764845206093,145.34404661900606,142.16616385631056,140.96764303185054,141.50696246411133,142.76557122237762
'50',136.21090318094014,135.18149517957923,136.79789046182992,137.802554354515,137.1505377345259,133.0682115155134,135.32010305638914,137.9127887829485,140.424665546574,133.92387866396038,133.4343713896463,136.99800553942856,135.58954689004722,134.3062943632984,135.93449785404005,136.30141406092977,137.97883944629658,136.89876425714883,136.583414887589,135.05256755061455,136.95344233822507,133.27810823809804,136.8009746869024,135.49669860570083,137.00637224246637
'48',134.01440136767684,132.72474265472331,134.36555706686542,134.2061275393138,135.0014307128512,133.2386577346592,135.0647176437538,134.9054846210058,132.95438944851875,134.92637260134944,132.14013714145818,135.78751415511005,132.07223806325746,136.01791513403987,130.42723472281187,134.3933986807637,135.04224924718815,131.81734638122919,134.22796383607815,131.22854925297557,134.59964788163322,131.45593037993757,135.7258528511573,132.34180545223552,131.63333197226015
'47',132.80862344230565,133.54278928545875,131.99024355531733,132.46569685594724,131.89682267874318,131.56533140746015,132.07941490662813,132.37913679523135,134.86346748099126,133.7831996708288,132.9150864184551,131.99439584059547,130.8076198939088,132.65658055727843,132.14682280480224,132.93139504721606,131.9253108670815,132.8684501460552,132.84086828587152,131.81245357209642,132.76011506781447,133.72877493776076,132.9286970175735,133.27359231945667,133.78103435056397
'49',136.21090318094014,135.18149517957923,136.79789046182992,137.802554354515,137.1505377345259,133.0682115155134,135.32010305638914,137.9127887829485,140.424665546574,133.92387866396038,133.4343713896463,136.99800553942856,135.58954689004722,134.3062943632984,135.93449785404005,136.30141406092977,137.97883944629658,136.89876425714883,136.583414887589,135.05256755061455,136.95344233822507,133.27810823809804,136.8009746869024,135.49669860570083,137.00637224246637
'68',133.77104835481327,132.68178091205087,132.8627305736198,134.00427346117414,134.26386056891386,131.66192869161634,134.13671793217742,133.6185602426937,132.84692275224631,133.46925909181638,131.58448700671974,133.98241732244878,130.39468613714428,135.17006070424213,130.2882117322507,133.7642045286759,135.48162309627818,132.16638229760986,135.2959714982515,130.39497122934756,133.8635450055944,130.34752467796724,135.73663373690184,131.62355734721442,131.67544426298053
'60',132.85482707248767,133.50054263514534,133.01115821875283,134.26368334495007,134.1684734031552,132.4750124002667,134.09895403183063,134.82714202179213,135.37882889137907,131.50864370246575,131.1695573761225,133.1032977549194,134.3330183441791,131.0177444442882,132.2280392541578,133.61189206133565,134.12699587249256,131.8178374194305,134.10004951367492,131.43116121489652,135.76823427986406,131.3614117476682,133.5996330411897,131.89173190652306,134.96207487275902
'72',132.4185293102418,131.76257716628092,131.31132638380157,132.87902042228035,132.8946484241554,129.8431263986187,131.32822276495727,131.73232695794596,131.82714099455123,132.3269558076613,130.02127659943588,131.45708883806364,129.6430925666287,134.38367842534512,129.06067980797823,132.24125575461971,133.8720661558867,131.63163650638253,133.65460383227503,129.59989291599194,133.16293131905914,127.91923747470153,134.05565684553005,129.91703118563512,130.35692981113257
'87',132.54206654346925,131.73701936169957,130.7898309310281,133.2474582283507,133.30724370237394,131.75761025945982,132.43314152211266,132.50581762734666,133.21320231574074,132.9242336539135,131.94903190954525,132.18033486570494,129.61889397120282,135.63820120681547,130.49228692529994,132.28593961929906,133.98588860167033,131.8321270458768,135.07111298949127,131.1364987996396,133.94342280783744,128.69727731763652,133.0178700731796,129.35958927999235,130.97533782771848
'83',133.3572369879723,131.99555410119615,130.04812519592315,131.50283749396465,134.54332264841824,132.41819245226569,133.46515088825072,132.57318326132483,133.79493155806435,133.38621099464112,132.0080679135208,131.84858695660898,130.78549140783426,136.744306357285,129.93293306928803,131.71539761115426,134.33873595869835,131.69830071158756,136.4081427155702,131.25987193437666,134.15389995529938,128.8812287001978,133.30844700838543,129.84968934603467,131.63022121691026
'80',133.3572369879723,131.99555410119615,130.04812519592315,131.50283749396465,134.54332264841824,132.41819245226569,133.46515088825072,132.57318326132483,133.79493155806435,133.38621099464112,132.0080679135208,131.84858695660898,130.78549140783426,136.744306357285,129.93293306928803,131.71539761115426,134.33873595869835,131.69830071158756,136.4081427155702,131.25987193437666,134.15389995529938,128.8812287001978,133.30844700838543,129.84968934603467,131.63022121691026
'79',133.60091731334282,132.91760611916672,131.39923938490935,132.9278704383128,134.58731921370133,132.5071413051468,134.0189747259488,133.46373327627362,134.11093478333913,131.99454738075886,132.010254461026,133.0150194483365,132.5972960721,133.41957284736537,131.6213318317088,132.91759208538812,133.90243206378696,131.658821260222,134.73303090993176,131.1026394373659,134.16299943231158,130.93424237994134,132.5785175560504,129.72297339876206,133.73830307458695
'94',134.0912941314634,132.91460788384236,132.54068828675113,133.51821573814797,135.86667159451844,135.07857078018063,134.30852931821755,134.1996534126256,134.40811137172514,133.23434258712334,131.4343242780013,133.9476762968617,132.8088270205445,131.75692099763313,131.96178678126597,133.72999815032983,135.39115083104255,131.00803583537527,134.92104983969736,130.06717937246034,135.35136822482463,132.01259394026212,133.90997775401365,130.78993999110364,134.66638068350633
'92',134.44849981392565,133.6653927670593,134.1302549475341,130.11685808237524,131.4662037344917,134.45623518411963,129.14373874343212,132.78813984349065,130.1243960477215,132.08153943471083,133.7997356699861,134.54800023134138,130.49023928056053,130.03060566734572,132.15789940851437,129.21483798969237,136.64801991710058,132.3253255600773,132.46785837630418,132.64209461185882,137.23846239060734,133.97381879497246,139.3800949332303,128.51897499612,132.3118708690224
'78',133.05488887281334,133.94156896060537,133.11524804542776,131.17004988992593,131.61183378219644,135.42783044008425,127.66658974721216,136.47754521208392,129.14100143045647,131.43237861847072,131.9897519875086,130.72598335378652,131.90609615009427,130.12580938670655,131.511182025595,128.79123934950255,135.3210998485729,129.79869037273718,129.664786864785,132.0180328392309,135.16412924779576,133.46958303641262,135.60763777708172,130.50787899119976,130.68663938453113
'98',136.06135382367464,136.3291413571591,135.16280596388646,138.96201798300942,139.5536198399128,140.654285794789,127.9671992958709,141.15976423240863,131.14027295724676,139.86654022128488,133.55890251461403,135.85062109043963,138.74834058834958,131.37796704222114,136.11770378575395,132.42257657894172,140.98521274693275,132.69179269540942,134.29966210955322,126.57917244641398,142.6816942112666,137.0063919614926,141.49281225503512,136.24361708831148,132.16088704374462
'97',131.37184445488484,137.2058138545929,137.80372004806568,135.34440611763534,134.9490465127119,137.21225244844123,132.41934643898992,133.47603560740245,131.7382557703608,139.505475690814,131.58356217052005,133.08733733421863,139.78120606232002,123.84796617641109,139.03846237891995,126.73889665278392,136.29597214678662,131.35833969115347,136.47556924954222,133.01969452689252,138.70124581851354,136.53040517701103,134.8984081899018,127.45932262608571,131.62725690409403
'77',131.64805064991822,135.48750119605734,139.96918671754335,133.41507588368387,134.56788132413814,137.85641356023245,132.43805291521656,134.7100103244356,134.9056084224435,139.55289084994615,133.4664781441472,131.57949507070919,137.7607710595616,124.82383981702212,137.99179348867838,128.6486357219882,137.52586763583534,131.03186759630682,139.30084203058794,133.92170252308475,137.7936100646834,138.8883306499507,134.78953117256012,129.36654696709456,132.16386154834868
Node 69,131.37098030352166,137.6809569044225,136.8300548101444,134.16558316190375,131.9516762820327,135.1252005668364,131.14528851015785,131.88586189843923,134.35337630553974,135.7004723802553,135.22743544593567,128.00840723033895,132.1646472929542,131.93434729386885,140.7870405373772,128.55183627354856,133.88944291446163,128.98344466252985,138.64370111665218,138.74358900680627,136.15838910900686,135.63946108160883,132.67105018740736,129.55151918560858,130.50278835112601
