Species,101,102,103,104,105,106,107,108,109,1010,1011,1012,1013,1014,1015,1016,1017,1018,1019,1020,1021,1022,1023,1024,1025
Thylacinus_cynocephalus,2.925633089,2.925633089,2.925633089,2.925633089,2.925633089,2.925633089,2.925633089,2.925633089,2.925633089,2.925633089,2.925633089,2.925633089,2.925633089,2.925633089,2.925633089,2.925633089,2.925633089,2.925633089,2.925633089,2.925633089,2.925633089,2.925633089,2.925633089,2.925633089,2.925633089
Dasyurus_maculatus,5.918538929,5.918538929,5.918538929,5.918538929,5.918538929,5.918538929,5.918538929,5.918538929,5.918538929,5.918538929,5.918538929,5.918538929,5.918538929,5.918538929,5.918538929,5.918538929,5.918538929,5.918538929,5.918538929,5.918538929,5.918538929,5.918538929,5.918538929,5.918538929,5.918538929
Dasyurus_viverrinus,3.211424438,3.211424438,3.211424438,3.211424438,3.211424438,3.211424438,3.211424438,3.211424438,3.211424438,3.211424438,3.211424438,3.211424438,3.211424438,3.211424438,3.211424438,3.211424438,3.211424438,3.211424438,3.211424438,3.211424438,3.211424438,3.211424438,3.211424438,3.211424438,3.211424438
Pseudocheirus_peregrinus,1.358248299,1.358248299,1.358248299,1.358248299,1.358248299,1.358248299,1.358248299,1.358248299,1.358248299,1.358248299,1.358248299,1.358248299,1.358248299,1.358248299,1.358248299,1.358248299,1.358248299,1.358248299,1.358248299,1.358248299,1.358248299,1.358248299,1.358248299,1.358248299,1.358248299
Spilocuscus_maculatus,2.8761665,2.8761665,2.8761665,2.8761665,2.8761665,2.8761665,2.8761665,2.8761665,2.8761665,2.8761665,2.8761665,2.8761665,2.8761665,2.8761665,2.8761665,2.8761665,2.8761665,2.8761665,2.8761665,2.8761665,2.8761665,2.8761665,2.8761665,2.8761665,2.8761665
Trichosurus_vulpecula,1.452874212,1.452874212,1.452874212,1.452874212,1.452874212,1.452874212,1.452874212,1.452874212,1.452874212,1.452874212,1.452874212,1.452874212,1.452874212,1.452874212,1.452874212,1.452874212,1.452874212,1.452874212,1.452874212,1.452874212,1.452874212,1.452874212,1.452874212,1.452874212,1.452874212
Hypsiprymnodon_moschatus,1.430349122,1.430349122,1.430349122,1.430349122,1.430349122,1.430349122,1.430349122,1.430349122,1.430349122,1.430349122,1.430349122,1.430349122,1.430349122,1.430349122,1.430349122,1.430349122,1.430349122,1.430349122,1.430349122,1.430349122,1.430349122,1.430349122,1.430349122,1.430349122,1.430349122
Aepyprymnus_rufescens,3.948556785,3.948556785,3.948556785,3.948556785,3.948556785,3.948556785,3.948556785,3.948556785,3.948556785,3.948556785,3.948556785,3.948556785,3.948556785,3.948556785,3.948556785,3.948556785,3.948556785,3.948556785,3.948556785,3.948556785,3.948556785,3.948556785,3.948556785,3.948556785,3.948556785
Bettongia_penicillata,1.982907247,1.982907247,1.982907247,1.982907247,1.982907247,1.982907247,1.982907247,1.982907247,1.982907247,1.982907247,1.982907247,1.982907247,1.982907247,1.982907247,1.982907247,1.982907247,1.982907247,1.982907247,1.982907247,1.982907247,1.982907247,1.982907247,1.982907247,1.982907247,1.982907247
Bettongia_tropica,2.473566333,2.473566333,2.473566333,2.473566333,2.473566333,2.473566333,2.473566333,2.473566333,2.473566333,2.473566333,2.473566333,2.473566333,2.473566333,2.473566333,2.473566333,2.473566333,2.473566333,2.473566333,2.473566333,2.473566333,2.473566333,2.473566333,2.473566333,2.473566333,2.473566333
Dendrolagus_bennettianus,3.13757566,3.13757566,3.13757566,3.13757566,3.13757566,3.13757566,3.13757566,3.13757566,3.13757566,3.13757566,3.13757566,3.13757566,3.13757566,3.13757566,3.13757566,3.13757566,3.13757566,3.13757566,3.13757566,3.13757566,3.13757566,3.13757566,3.13757566,3.13757566,3.13757566
Dendrolagus_goodfellowi,6.156719928,6.156719928,6.156719928,6.156719928,6.156719928,6.156719928,6.156719928,6.156719928,6.156719928,6.156719928,6.156719928,6.156719928,6.156719928,6.156719928,6.156719928,6.156719928,6.156719928,6.156719928,6.156719928,6.156719928,6.156719928,6.156719928,6.156719928,6.156719928,6.156719928
Dendrolagus_lumholtzi,5.75969607,5.75969607,5.75969607,5.75969607,5.75969607,5.75969607,5.75969607,5.75969607,5.75969607,5.75969607,5.75969607,5.75969607,5.75969607,5.75969607,5.75969607,5.75969607,5.75969607,5.75969607,5.75969607,5.75969607,5.75969607,5.75969607,5.75969607,5.75969607,5.75969607
Dendrolagus_matschiei,5.916659686,5.916659686,5.916659686,5.916659686,5.916659686,5.916659686,5.916659686,5.916659686,5.916659686,5.916659686,5.916659686,5.916659686,5.916659686,5.916659686,5.916659686,5.916659686,5.916659686,5.916659686,5.916659686,5.916659686,5.916659686,5.916659686,5.916659686,5.916659686,5.916659686
Dorcopsulus_vanheurni,2.651683627,2.651683627,2.651683627,2.651683627,2.651683627,2.651683627,2.651683627,2.651683627,2.651683627,2.651683627,2.651683627,2.651683627,2.651683627,2.651683627,2.651683627,2.651683627,2.651683627,2.651683627,2.651683627,2.651683627,2.651683627,2.651683627,2.651683627,2.651683627,2.651683627
Lagorchestes_conspicillatus,4.277128282,4.277128282,4.277128282,4.277128282,4.277128282,4.277128282,4.277128282,4.277128282,4.277128282,4.277128282,4.277128282,4.277128282,4.277128282,4.277128282,4.277128282,4.277128282,4.277128282,4.277128282,4.277128282,4.277128282,4.277128282,4.277128282,4.277128282,4.277128282,4.277128282
Lagorchestes_hirsutus,2.426980054,2.426980054,2.426980054,2.426980054,2.426980054,2.426980054,2.426980054,2.426980054,2.426980054,2.426980054,2.426980054,2.426980054,2.426980054,2.426980054,2.426980054,2.426980054,2.426980054,2.426980054,2.426980054,2.426980054,2.426980054,2.426980054,2.426980054,2.426980054,2.426980054
Lagostrophus_fasciatus,2.130212177,2.130212177,2.130212177,2.130212177,2.130212177,2.130212177,2.130212177,2.130212177,2.130212177,2.130212177,2.130212177,2.130212177,2.130212177,2.130212177,2.130212177,2.130212177,2.130212177,2.130212177,2.130212177,2.130212177,2.130212177,2.130212177,2.130212177,2.130212177,2.130212177
Macropus_fuliginosus,6.921144953,6.921144953,6.921144953,6.921144953,6.921144953,6.921144953,6.921144953,6.921144953,6.921144953,6.921144953,6.921144953,6.921144953,6.921144953,6.921144953,6.921144953,6.921144953,6.921144953,6.921144953,6.921144953,6.921144953,6.921144953,6.921144953,6.921144953,6.921144953,6.921144953
Macropus_giganteus,6.876504428,6.876504428,6.876504428,6.876504428,6.876504428,6.876504428,6.876504428,6.876504428,6.876504428,6.876504428,6.876504428,6.876504428,6.876504428,6.876504428,6.876504428,6.876504428,6.876504428,6.876504428,6.876504428,6.876504428,6.876504428,6.876504428,6.876504428,6.876504428,6.876504428
Notamacropus_agilis,2.164203942,2.164203942,2.164203942,2.164203942,2.164203942,2.164203942,2.164203942,2.164203942,2.164203942,2.164203942,2.164203942,2.164203942,2.164203942,2.164203942,2.164203942,2.164203942,2.164203942,2.164203942,2.164203942,2.164203942,2.164203942,2.164203942,2.164203942,2.164203942,2.164203942
Notamacropus_irma,3.90942711,3.90942711,3.90942711,3.90942711,3.90942711,3.90942711,3.90942711,3.90942711,3.90942711,3.90942711,3.90942711,3.90942711,3.90942711,3.90942711,3.90942711,3.90942711,3.90942711,3.90942711,3.90942711,3.90942711,3.90942711,3.90942711,3.90942711,3.90942711,3.90942711
Onychogalea_fraenata,3.173685499,3.173685499,3.173685499,3.173685499,3.173685499,3.173685499,3.173685499,3.173685499,3.173685499,3.173685499,3.173685499,3.173685499,3.173685499,3.173685499,3.173685499,3.173685499,3.173685499,3.173685499,3.173685499,3.173685499,3.173685499,3.173685499,3.173685499,3.173685499,3.173685499
Onychogalea_unguifera,3.948556785,3.948556785,3.948556785,3.948556785,3.948556785,3.948556785,3.948556785,3.948556785,3.948556785,3.948556785,3.948556785,3.948556785,3.948556785,3.948556785,3.948556785,3.948556785,3.948556785,3.948556785,3.948556785,3.948556785,3.948556785,3.948556785,3.948556785,3.948556785,3.948556785
Osphranter_antilopinus,7.727151567,7.727151567,7.727151567,7.727151567,7.727151567,7.727151567,7.727151567,7.727151567,7.727151567,7.727151567,7.727151567,7.727151567,7.727151567,7.727151567,7.727151567,7.727151567,7.727151567,7.727151567,7.727151567,7.727151567,7.727151567,7.727151567,7.727151567,7.727151567,7.727151567
Osphranter_robustus,3.065016992,3.065016992,3.065016992,3.065016992,3.065016992,3.065016992,3.065016992,3.065016992,3.065016992,3.065016992,3.065016992,3.065016992,3.065016992,3.065016992,3.065016992,3.065016992,3.065016992,3.065016992,3.065016992,3.065016992,3.065016992,3.065016992,3.065016992,3.065016992,3.065016992
Osphranter_rufus,10.94458545,10.94458545,10.94458545,10.94458545,10.94458545,10.94458545,10.94458545,10.94458545,10.94458545,10.94458545,10.94458545,10.94458545,10.94458545,10.94458545,10.94458545,10.94458545,10.94458545,10.94458545,10.94458545,10.94458545,10.94458545,10.94458545,10.94458545,10.94458545,10.94458545
Petrogale_brachyotis,3.884668484,3.884668484,3.884668484,3.884668484,3.884668484,3.884668484,3.884668484,3.884668484,3.884668484,3.884668484,3.884668484,3.884668484,3.884668484,3.884668484,3.884668484,3.884668484,3.884668484,3.884668484,3.884668484,3.884668484,3.884668484,3.884668484,3.884668484,3.884668484,3.884668484
Petrogale_penicillata,4.287424245,4.287424245,4.287424245,4.287424245,4.287424245,4.287424245,4.287424245,4.287424245,4.287424245,4.287424245,4.287424245,4.287424245,4.287424245,4.287424245,4.287424245,4.287424245,4.287424245,4.287424245,4.287424245,4.287424245,4.287424245,4.287424245,4.287424245,4.287424245,4.287424245
Petrogale_persephone,5.304210128,5.304210128,5.304210128,5.304210128,5.304210128,5.304210128,5.304210128,5.304210128,5.304210128,5.304210128,5.304210128,5.304210128,5.304210128,5.304210128,5.304210128,5.304210128,5.304210128,5.304210128,5.304210128,5.304210128,5.304210128,5.304210128,5.304210128,5.304210128,5.304210128
Potorous_tridactylus,2.766612277,2.766612277,2.766612277,2.766612277,2.766612277,2.766612277,2.766612277,2.766612277,2.766612277,2.766612277,2.766612277,2.766612277,2.766612277,2.766612277,2.766612277,2.766612277,2.766612277,2.766612277,2.766612277,2.766612277,2.766612277,2.766612277,2.766612277,2.766612277,2.766612277
Setonix_brachyurus,10.94458545,10.94458545,10.94458545,10.94458545,10.94458545,10.94458545,10.94458545,10.94458545,10.94458545,10.94458545,10.94458545,10.94458545,10.94458545,10.94458545,10.94458545,10.94458545,10.94458545,10.94458545,10.94458545,10.94458545,10.94458545,10.94458545,10.94458545,10.94458545,10.94458545
Thylogale_stigmatica,2.87348193,2.87348193,2.87348193,2.87348193,2.87348193,2.87348193,2.87348193,2.87348193,2.87348193,2.87348193,2.87348193,2.87348193,2.87348193,2.87348193,2.87348193,2.87348193,2.87348193,2.87348193,2.87348193,2.87348193,2.87348193,2.87348193,2.87348193,2.87348193,2.87348193
Thylogale_thetis,3.830420864,3.830420864,3.830420864,3.830420864,3.830420864,3.830420864,3.830420864,3.830420864,3.830420864,3.830420864,3.830420864,3.830420864,3.830420864,3.830420864,3.830420864,3.830420864,3.830420864,3.830420864,3.830420864,3.830420864,3.830420864,3.830420864,3.830420864,3.830420864,3.830420864
Wallabia_bicolor,5.855785297,5.855785297,5.855785297,5.855785297,5.855785297,5.855785297,5.855785297,5.855785297,5.855785297,5.855785297,5.855785297,5.855785297,5.855785297,5.855785297,5.855785297,5.855785297,5.855785297,5.855785297,5.855785297,5.855785297,5.855785297,5.855785297,5.855785297,5.855785297,5.855785297
'14',4.683427339739367,5.7031612268356415,3.5914006452804794,5.180066328156696,3.6645157850535024,2.7695805128152347,5.8056790263747295,4.750155942477156,1.9528331520549835,6.290684800181745,7.391982840728133,3.3703392899577693,3.401835214224636,3.7308369451686314,6.06439636839508,4.4967713704533825,4.982038556267854,4.645474152817544,2.5799614631172796,6.689001470257107,2.9361854323384105,4.409233482330189,3.544311033519148,3.9289913591175454,5.58840615689075
'25',-9.014694505391352,6.487974355099025,1.1496579022516094,4.013573626401749,1.1094301753608393,2.6390999884585917,-1.1543372697129448,1.2200011709330545,4.818630695816537,-0.5768586712317277,1.988755928120697,4.0111775462203445,2.5411383745977787,2.115362552548695,2.8801789949242993,3.209576430687329,2.2412611103709015,1.6250274937723552,6.508309132878607,7.307830164718161,0.5478168860848297,1.9212503933957559,9.232150238520385,-0.6873259830207188,2.6422070596836487
'37',2.153550124880947,1.9963928913860316,2.1788673856897582,2.5174288028482295,2.9157012962269278,2.294159105118,2.9469815106424164,3.057413415771027,2.5775652445647466,4.5428070604654005,2.285154618170092,2.1837354521391497,1.640170655450284,1.6947634304060792,1.5143930779238837,2.2097950439639673,0.9779110416345412,2.3548167086256804,5.10062498887255,0.4117248042997093,0.9926251173325755,3.468773870211176,1.3962078187617315,0.04287896532745637,1.4100174247682118
'36',4.7360068178009085,0.5338791018157403,7.3777032795725725,0.0835162810278094,3.5973040599967265,4.466113725761324,1.0710842863319043,0.5659169828068296,3.203117518399818,3.3992538694314924,1.9684262678193831,5.551009055470557,5.323091284176361,1.5847111453153164,4.390684259050665,3.570436137629133,1.1269564770147436,0.3961634347600949,3.862208507587335,2.6848630264931503,2.2279368876164414,3.4021276377713474,3.8615050140363634,2.0445357379870868,4.1607155297652465
'35',5.670838064547597,0.5883683593910224,6.896965895994927,1.9501044802731458,2.3015252310171386,2.0076901877075866,0.2811179379433981,1.837881376965701,3.00443326187719,3.6850450412918323,-1.4057890592934736,7.200344058174113,3.800845164191002,1.3823260895629075,6.558628961523989,1.4298903746886533,3.5066859376209574,1.9676553661445226,3.4815815339222334,3.3197305076885053,-2.8873093748416983,3.959782016322283,4.6600784390626355,4.538938218209539,4.160390152304821
'34',5.796825587396737,3.1580653672742107,8.260903261851185,5.821176560708552,6.993828345986265,3.5451549598736105,5.869057339874258,4.876698089501275,4.193862597692609,8.44785645173292,5.751430123565901,6.707842220862492,3.664280487365352,2.482049296031357,7.344906035003539,5.485222351554151,5.822433419630129,2.4235847744439027,3.889622234367937,8.332590270164378,1.8129296966682737,5.58061221888072,9.037421095847352,4.515179061471478,2.627645041088732
'33',5.644608221788252,3.817835484015641,7.216635994213275,7.702701953509428,7.095254336046506,7.889152583679279,6.395220954919575,5.123467506552066,5.903695525997688,5.289491511605048,6.835610700941404,4.790187893904772,4.721336212562859,6.783523349459905,5.237974454002543,4.716203473692563,5.16976539717489,4.81833729700935,4.507285229402679,5.570608608011068,5.32684894635271,5.841559354549293,8.653833048467597,5.1903747484247775,4.502231675310125
'51',5.143370165421631,1.3742162307830021,4.180806320517311,5.791997200639589,3.298671187952708,6.448328966202138,5.220399890485484,4.463772688005178,8.27171104650464,6.377107598765082,7.473004762787401,3.2995191604438885,8.437698160630696,9.122935037985219,4.28567310923095,3.3343112562208823,4.760807825838127,7.122809437516703,4.668196334594836,5.052530223552411,5.116275373688823,5.034823822920803,5.36459712608367,6.348574386749116,6.715145160467383
'57',1.6263399684616995,3.832350286789676,6.403471072915293,5.537291162701651,4.133295241591524,4.649747765128014,4.404594885023064,3.97922912714045,0.1679972783706572,2.850672797975476,0.24639591410335382,2.0950516318185057,3.592540474566951,1.716656219806273,1.0503803196858166,5.339975269423671,1.7443086678266075,5.930606555477782,6.571631671126904,5.93089481190177,0.781227844678708,4.262529912725679,-1.3511857540817687,4.797745871642331,4.279519016905719
'56',2.847715437694679,3.8754031974816057,5.741685900163952,5.74505457933725,5.698500904384936,0.9849616272912421,3.6731174160545668,0.34799928472136316,2.298628433544938,3.8915775311421776,1.4569473779391184,2.10818091923774,4.671356765232364,2.417916492353636,2.5345529938320115,3.39103208799827,4.545643361136607,3.8395067300759713,-2.3033307550206135,3.671598346590786,3.671104846745635,3.879464970167354,2.5855266161999255,4.116883964389383,0.18939166426068377
'63',4.484731625027317,5.4087145279995825,6.192723853756368,5.7422813611124495,4.949551032587872,5.366225166374992,6.179472281749373,5.077577274279953,7.175924503686015,5.921025429926526,4.114748640167865,6.793724433471602,5.146140751846101,6.299169026018865,5.940198442056706,6.336052795852001,4.435536207871149,5.484790016981497,5.460875468475694,4.649339760488411,6.570800414635298,4.9462064664533365,4.403172068089135,5.908157799704566,4.819322453754167
'73',8.15267351377909,6.316190655207114,4.327327685128141,8.084965632290535,6.34368050556947,7.050736503490274,8.547936887334306,6.39042939301537,5.433157631023834,7.032693093011406,4.9972545145643865,6.467167555988027,8.417116180873958,7.15628188414874,6.787860121221168,6.403224468806949,7.353827068130265,5.380894346745842,6.81037077970921,5.008511945927105,5.848798403709443,7.154936018247615,6.7987180269891505,8.3000229164039,6.382927843487173
'84',2.430784383544607,3.7857693502735486,4.560931129737824,2.898625174869498,4.532420918186865,4.2611578841721265,3.135651340920148,2.511491553192506,2.9931411681855593,4.700496279518969,3.780869516077326,0.780999102064604,5.081200164526891,3.7905926564846326,2.993499915296066,2.9530680747477414,3.176414636978873,2.2049905740735087,0.5420378642249531,0.955396582779904,1.570959385502857,3.5651577803306247,2.1298914596682548,3.3605205073252296,3.327651582181523
'82',3.009226602475786,1.586723829451733,4.011086948946973,3.1295426016052654,3.595536876832298,4.754483511953623,2.8161617208770853,4.37554567817746,3.973330895306623,3.090241185553628,1.4237379570751265,3.3879174085463712,3.6898009178256896,3.9615505542661924,3.629532993294281,4.837662289200238,3.988345324937582,3.0731855807821082,4.273091710671998,3.135352823656253,2.767531275346384,4.004713740216758,3.5062149500897255,3.5720874200565653,2.9626274716801704
'13',3.3462911657915764,8.934679772562044,4.289263249852318,-2.2327728334171497,4.3675015633112535,3.9065139097930035,7.920838041251091,2.4652389044438068,2.1068315066440535,5.174869441742827,8.054768962368204,5.443777452668055,1.4591948405514295,5.434674737174777,-1.5656088137081607,0.6908397049268837,9.14356576627119,6.175779899180198,1.6516452696628483,10.417345094474848,7.049493308035193,0.7449603318288216,-1.1953540034066565,4.748284122136512,1.4975690453885675
'43',5.093552154022055,3.9075086825009886,7.059836833982521,6.132512204430306,7.472733435259059,3.136803440627819,5.474005017686388,5.369665336544932,3.758459786806967,8.097971618895787,6.211096754465802,7.778260611216573,3.8645278517595676,3.04125449573228,6.093431419640624,4.821380349116064,5.515990631258087,2.3045983089777233,3.7578470525975782,7.520764427126659,2.2101252691874445,5.047761471383789,9.726647168930073,4.791545820379695,2.7488511709482406
'50',4.365397539428819,2.1732184884064236,3.828428561148772,4.863864852671398,2.3983128636767543,7.50798894731994,5.653465956175748,6.015702340152553,8.118408510080151,6.599189643966028,6.706255592939738,2.3313313955653476,6.539343372450832,7.3268159929134224,3.248112978561821,4.7812836192604875,4.473088474022461,9.146201097419732,6.148808691885887,4.115551728697213,5.446561788270385,4.106033875424961,4.674801481989605,6.799576653021404,7.611650005905116
'48',2.868032262441092,3.082532183822028,7.441399655363154,7.671402720538795,5.175487448615887,0.7670864321895505,4.298165553962393,2.8576887453697326,3.582885101210567,5.9413132945764975,1.4378486619795532,2.2698684214501625,5.5366303953569025,2.0616355512139743,2.6296925229304384,2.807491082353836,4.579234647423005,3.9858237858681913,-0.4014289836616287,3.126882408084517,3.2715668942179086,2.8339511173244425,2.8107684612171067,4.213837408921734,1.976172349045862
'47',6.60136453597626,7.460296439985382,7.428743274842984,8.016743106645686,6.108982841170079,6.9266129701550705,6.668358232178786,7.255630643464535,9.590174973434177,6.728259897209564,6.179110790027597,7.514473800687615,6.587532739969177,6.226317678857559,7.4948624366181225,7.950701328992291,6.641252281582,7.080741433495861,8.561901387962713,5.111473164136585,8.68598103980524,6.2543456973432,5.566979951142713,7.9453459478667945,7.237297108184665
'49',4.365397539428819,2.1732184884064236,3.828428561148772,4.863864852671398,2.3983128636767543,7.50798894731994,5.653465956175748,6.015702340152553,8.118408510080151,6.599189643966028,6.706255592939738,2.3313313955653476,6.539343372450832,7.3268159929134224,3.248112978561821,4.7812836192604875,4.473088474022461,9.146201097419732,6.148808691885887,4.115551728697213,5.446561788270385,4.106033875424961,4.674801481989605,6.799576653021404,7.611650005905116
'68',1.0473633913363818,4.645346475382281,6.633433960497041,6.438847407028265,5.060230326591481,2.844663098324961,5.870363723251158,2.816419195800449,5.108842191903621,5.685316481752921,1.7289581841437238,1.7319522868396537,4.0382295910632315,2.868829212391309,3.8424085855856447,4.133570429356023,3.2017193092328164,3.3719503644351914,1.111880076417448,2.598165926679688,4.735824543723308,4.431163077782913,2.8285902384339523,5.089420609424559,0.7251699452551463
'60',3.112514951959969,2.825706301395369,5.6822038644342925,5.6776330828973975,2.8127890810429506,6.403444008673549,6.040779938204072,6.313446587048089,4.4117158563444905,4.116800799792104,4.3967319985901545,2.4711345478330604,4.295179333907286,5.4672077677885085,1.274125101184183,5.395310612315102,2.6071615258635115,7.470963677577537,6.578420096626603,4.9987766905516215,3.6183520529184867,3.6289472680683486,2.6054863011840115,6.427659014457763,6.318479887021513
'72',0.884716756524776,4.675198443100784,6.686491072357222,6.624951587224943,5.332927108371261,3.463549637193994,6.147978944389508,3.070517885376648,4.940240383077048,5.233711004174213,1.3168370889533452,1.118836320153761,4.743444487856699,3.254343133341519,3.552105410821987,4.223763474469851,2.977502431025911,3.8646176676948523,1.5672810986654548,2.8825355930030034,5.068342814675958,4.584151346335581,3.2106065698958233,5.217082735821175,0.1792698927026684
'87',1.301316641799247,4.075084179917273,5.558190681225862,5.432807558778483,4.770341805573576,3.959349170436206,7.029230892669049,2.6616287863337003,4.178851300594242,5.430057570868579,0.8604949107543558,1.6834450253741966,6.151267406985949,1.8729460622649774,3.818251923498382,2.1078808958100748,1.0278172479463612,2.965489705658685,0.5099720739923292,2.472523146321679,4.83446804057475,4.940641214809382,3.931778692169465,4.0000813735731064,-0.1563406713157219
'83',1.7221440607094962,4.402131514592073,6.605638668318933,6.17051448194046,5.323606805061656,4.835013759764281,8.061206832601815,3.5147883486801472,4.24836374766076,5.637260227961381,1.940482011686645,1.8587866152227868,6.961106658137364,1.3344248523535174,4.285031763021769,2.708193698363297,1.8995317198499229,1.9584068653893956,1.5263940596860446,3.8036643181086576,6.048671429393212,6.354988934660367,3.4755648444877663,4.15152459634559,-0.08929032473880764
'80',1.7221440607094962,4.402131514592073,6.605638668318933,6.17051448194046,5.323606805061656,4.835013759764281,8.061206832601815,3.5147883486801472,4.24836374766076,5.637260227961381,1.940482011686645,1.8587866152227868,6.961106658137364,1.3344248523535174,4.285031763021769,2.708193698363297,1.8995317198499229,1.9584068653893956,1.5263940596860446,3.8036643181086576,6.048671429393212,6.354988934660367,3.4755648444877663,4.15152459634559,-0.08929032473880764
'79',3.0857533459620448,3.4710345214528275,6.430405052637083,6.203355618062928,2.969532986751324,6.255407985697019,8.002458677899442,5.625973878313889,4.858521630585789,4.788271935513249,3.390769892903721,2.9131295198318643,4.6487651708675095,4.508437313200937,3.157867511210649,4.744229575048855,2.5212363669418085,5.09409472196892,4.883278123622098,4.8903444684896735,4.66230676274362,5.2619033174882075,3.34722823612655,5.816087305760665,3.930028236911659
'94',2.8807521068452813,2.9562593927161993,6.981839995715626,5.600725428144768,2.8498880162300875,6.411304461414777,6.610059893122689,5.867243363159381,4.634590855047202,5.0211076314036305,3.9075560075324907,3.7186140657827575,5.137238213698658,4.122136828755757,4.22554156745664,4.353552186118559,2.271398363683643,5.2703137202876205,3.3745838045985,3.752042921376363,5.450581641114047,4.521664017674998,2.6135575505734376,4.97940608388009,3.2775325440063026
'92',1.266544835141243,2.6589041205383053,0.9077675612650598,6.415989794985049,3.4433422018438966,4.070889952313328,2.593500116539923,4.824772996157322,3.3076168582322203,1.8561841144830455,5.058958088971677,0.3326585798817258,3.2915400195732785,1.6011025076682637,4.027843972982002,3.0904155512900746,0.3442701538334191,0.994893232097306,2.679770241345049,0.7166789025841385,1.6622817180445049,3.7714727930050627,-0.5901048053208698,4.478336285604825,4.5985084622742916
'78',3.9084552502664893,1.9256910482750127,3.741821727077877,7.305333305629574,1.2428986254222423,2.223856297608247,1.0589130325022633,5.096904735157308,5.9479134489582774,2.1653028354611945,1.2294776044988982,0.9959001347628061,6.046419067367234,3.5858339222093965,3.15391725218897,3.55096960697311,0.9641793012637561,0.8422837481065134,4.6910203470686005,0.34951217250637157,0.058570611761045666,1.460013558710723,1.1272621014483766,5.914696685250532,6.403906377209144
'98',7.0503691543430325,-5.572162995143771,4.217922895487394,4.47983711632388,0.40190369304464496,0.9499577532127309,-3.224121318820994,1.964681776234078,6.2088691896489525,2.468302151665974,1.128347567346026,0.14057660754229523,8.703225724737663,2.748093378687649,3.2984303651277336,4.413113314019076,-1.73179353547801,1.313540313452319,4.916169126327283,6.2669258280949425,-1.2814261749887799,-0.7342681522925644,0.5789811033912124,6.464423900567772,5.977267290640196
'97',-0.5877007051202082,-3.4902673569539013,-1.8795631720025836,1.2906555042077295,4.535350310954467,1.280326886252772,-1.4031782974565732,4.894530283133998,3.14472604827836,4.6254212729039645,-3.1216231869725566,-1.4920013104206453,4.356561671626157,0.9142694496960564,0.159807969845125,3.979171708402721,-3.163832090522417,5.415198596420855,2.7835525252917064,4.963930110779413,-1.9938408848700753,-1.6822776361269332,6.031811790607243,5.404376584146166,1.46551410688418
'77',-2.3023481308769855,-5.583830010186967,-1.0202807001258491,2.019825123784306,5.5427332528363005,-3.0866231069397525,-2.718863100201343,6.126768994094707,0.0014075107618924114,1.8744976598031113,-4.537140892314841,-5.068171939605556,5.184619249558117,0.9653768793454482,1.7176450955759435,2.881301391932979,-0.29579050329059375,3.7611501253074664,3.8598895621918166,0.38235342585100285,-1.8205849440918034,-0.1551181118411322,6.5564107777243725,4.8623997452432075,3.364911061716984
Node 69,-0.6173008483282304,-4.170956864651747,3.4268022529377555,-9.714363860855766,3.83333620848075,-0.2842734805158013,-2.99503173326299,1.6625769853564918,-1.324928509405032,2.6162639896857103,-1.910819472190084,-4.159021827438443,3.495965937175483,3.621816528547339,-0.4227972465259018,3.6448600912075446,3.9138908209554395,6.500910465609371,0.7050811394336719,-1.3396596858267704,7.760623478136032,0.363192024766035,1.7118376672164224,4.639199919965557,-1.1443134124245051
