Species,191,192,193,194,195,196,197,198,199,1910,1911,1912,1913,1914,1915,1916,1917,1918,1919,1920,1921,1922,1923,1924,1925
Thylacinus_cynocephalus,129.6037007,129.6037007,129.6037007,129.6037007,129.6037007,129.6037007,129.6037007,129.6037007,129.6037007,129.6037007,129.6037007,129.6037007,129.6037007,129.6037007,129.6037007,129.6037007,129.6037007,129.6037007,129.6037007,129.6037007,129.6037007,129.6037007,129.6037007,129.6037007,129.6037007
Dasyurus_maculatus,139.5136394,139.5136394,139.5136394,139.5136394,139.5136394,139.5136394,139.5136394,139.5136394,139.5136394,139.5136394,139.5136394,139.5136394,139.5136394,139.5136394,139.5136394,139.5136394,139.5136394,139.5136394,139.5136394,139.5136394,139.5136394,139.5136394,139.5136394,139.5136394,139.5136394
Dasyurus_viverrinus,116.366996,116.366996,116.366996,116.366996,116.366996,116.366996,116.366996,116.366996,116.366996,116.366996,116.366996,116.366996,116.366996,116.366996,116.366996,116.366996,116.366996,116.366996,116.366996,116.366996,116.366996,116.366996,116.366996,116.366996,116.366996
Pseudocheirus_peregrinus,112.8092225,112.8092225,112.8092225,112.8092225,112.8092225,112.8092225,112.8092225,112.8092225,112.8092225,112.8092225,112.8092225,112.8092225,112.8092225,112.8092225,112.8092225,112.8092225,112.8092225,112.8092225,112.8092225,112.8092225,112.8092225,112.8092225,112.8092225,112.8092225,112.8092225
Spilocuscus_maculatus,116.595748,116.595748,116.595748,116.595748,116.595748,116.595748,116.595748,116.595748,116.595748,116.595748,116.595748,116.595748,116.595748,116.595748,116.595748,116.595748,116.595748,116.595748,116.595748,116.595748,116.595748,116.595748,116.595748,116.595748,116.595748
Trichosurus_vulpecula,117.6218763,117.6218763,117.6218763,117.6218763,117.6218763,117.6218763,117.6218763,117.6218763,117.6218763,117.6218763,117.6218763,117.6218763,117.6218763,117.6218763,117.6218763,117.6218763,117.6218763,117.6218763,117.6218763,117.6218763,117.6218763,117.6218763,117.6218763,117.6218763,117.6218763
Hypsiprymnodon_moschatus,131.656745,131.656745,131.656745,131.656745,131.656745,131.656745,131.656745,131.656745,131.656745,131.656745,131.656745,131.656745,131.656745,131.656745,131.656745,131.656745,131.656745,131.656745,131.656745,131.656745,131.656745,131.656745,131.656745,131.656745,131.656745
Aepyprymnus_rufescens,127.293354,127.293354,127.293354,127.293354,127.293354,127.293354,127.293354,127.293354,127.293354,127.293354,127.293354,127.293354,127.293354,127.293354,127.293354,127.293354,127.293354,127.293354,127.293354,127.293354,127.293354,127.293354,127.293354,127.293354,127.293354
Bettongia_penicillata,124.0036155,124.0036155,124.0036155,124.0036155,124.0036155,124.0036155,124.0036155,124.0036155,124.0036155,124.0036155,124.0036155,124.0036155,124.0036155,124.0036155,124.0036155,124.0036155,124.0036155,124.0036155,124.0036155,124.0036155,124.0036155,124.0036155,124.0036155,124.0036155,124.0036155
Bettongia_tropica,136.0339899,136.0339899,136.0339899,136.0339899,136.0339899,136.0339899,136.0339899,136.0339899,136.0339899,136.0339899,136.0339899,136.0339899,136.0339899,136.0339899,136.0339899,136.0339899,136.0339899,136.0339899,136.0339899,136.0339899,136.0339899,136.0339899,136.0339899,136.0339899,136.0339899
Dendrolagus_bennettianus,123.4631739,123.4631739,123.4631739,123.4631739,123.4631739,123.4631739,123.4631739,123.4631739,123.4631739,123.4631739,123.4631739,123.4631739,123.4631739,123.4631739,123.4631739,123.4631739,123.4631739,123.4631739,123.4631739,123.4631739,123.4631739,123.4631739,123.4631739,123.4631739,123.4631739
Dendrolagus_goodfellowi,122.1199848,122.1199848,122.1199848,122.1199848,122.1199848,122.1199848,122.1199848,122.1199848,122.1199848,122.1199848,122.1199848,122.1199848,122.1199848,122.1199848,122.1199848,122.1199848,122.1199848,122.1199848,122.1199848,122.1199848,122.1199848,122.1199848,122.1199848,122.1199848,122.1199848
Dendrolagus_lumholtzi,139.5136394,139.5136394,139.5136394,139.5136394,139.5136394,139.5136394,139.5136394,139.5136394,139.5136394,139.5136394,139.5136394,139.5136394,139.5136394,139.5136394,139.5136394,139.5136394,139.5136394,139.5136394,139.5136394,139.5136394,139.5136394,139.5136394,139.5136394,139.5136394,139.5136394
Dendrolagus_matschiei,132.2132543,132.2132543,132.2132543,132.2132543,132.2132543,132.2132543,132.2132543,132.2132543,132.2132543,132.2132543,132.2132543,132.2132543,132.2132543,132.2132543,132.2132543,132.2132543,132.2132543,132.2132543,132.2132543,132.2132543,132.2132543,132.2132543,132.2132543,132.2132543,132.2132543
Dorcopsulus_vanheurni,128.0323559,128.0323559,128.0323559,128.0323559,128.0323559,128.0323559,128.0323559,128.0323559,128.0323559,128.0323559,128.0323559,128.0323559,128.0323559,128.0323559,128.0323559,128.0323559,128.0323559,128.0323559,128.0323559,128.0323559,128.0323559,128.0323559,128.0323559,128.0323559,128.0323559
Lagorchestes_conspicillatus,112.8092225,112.8092225,112.8092225,112.8092225,112.8092225,112.8092225,112.8092225,112.8092225,112.8092225,112.8092225,112.8092225,112.8092225,112.8092225,112.8092225,112.8092225,112.8092225,112.8092225,112.8092225,112.8092225,112.8092225,112.8092225,112.8092225,112.8092225,112.8092225,112.8092225
Lagorchestes_hirsutus,126.6685295,126.6685295,126.6685295,126.6685295,126.6685295,126.6685295,126.6685295,126.6685295,126.6685295,126.6685295,126.6685295,126.6685295,126.6685295,126.6685295,126.6685295,126.6685295,126.6685295,126.6685295,126.6685295,126.6685295,126.6685295,126.6685295,126.6685295,126.6685295,126.6685295
Lagostrophus_fasciatus,113.2452111,113.2452111,113.2452111,113.2452111,113.2452111,113.2452111,113.2452111,113.2452111,113.2452111,113.2452111,113.2452111,113.2452111,113.2452111,113.2452111,113.2452111,113.2452111,113.2452111,113.2452111,113.2452111,113.2452111,113.2452111,113.2452111,113.2452111,113.2452111,113.2452111
Macropus_fuliginosus,139.1555311,139.1555311,139.1555311,139.1555311,139.1555311,139.1555311,139.1555311,139.1555311,139.1555311,139.1555311,139.1555311,139.1555311,139.1555311,139.1555311,139.1555311,139.1555311,139.1555311,139.1555311,139.1555311,139.1555311,139.1555311,139.1555311,139.1555311,139.1555311,139.1555311
Macropus_giganteus,112.8092225,112.8092225,112.8092225,112.8092225,112.8092225,112.8092225,112.8092225,112.8092225,112.8092225,112.8092225,112.8092225,112.8092225,112.8092225,112.8092225,112.8092225,112.8092225,112.8092225,112.8092225,112.8092225,112.8092225,112.8092225,112.8092225,112.8092225,112.8092225,112.8092225
Notamacropus_agilis,128.5364048,128.5364048,128.5364048,128.5364048,128.5364048,128.5364048,128.5364048,128.5364048,128.5364048,128.5364048,128.5364048,128.5364048,128.5364048,128.5364048,128.5364048,128.5364048,128.5364048,128.5364048,128.5364048,128.5364048,128.5364048,128.5364048,128.5364048,128.5364048,128.5364048
Notamacropus_irma,105.4082005,105.4082005,105.4082005,105.4082005,105.4082005,105.4082005,105.4082005,105.4082005,105.4082005,105.4082005,105.4082005,105.4082005,105.4082005,105.4082005,105.4082005,105.4082005,105.4082005,105.4082005,105.4082005,105.4082005,105.4082005,105.4082005,105.4082005,105.4082005,105.4082005
Onychogalea_fraenata,120.9010818,120.9010818,120.9010818,120.9010818,120.9010818,120.9010818,120.9010818,120.9010818,120.9010818,120.9010818,120.9010818,120.9010818,120.9010818,120.9010818,120.9010818,120.9010818,120.9010818,120.9010818,120.9010818,120.9010818,120.9010818,120.9010818,120.9010818,120.9010818,120.9010818
Onychogalea_unguifera,117.7009372,117.7009372,117.7009372,117.7009372,117.7009372,117.7009372,117.7009372,117.7009372,117.7009372,117.7009372,117.7009372,117.7009372,117.7009372,117.7009372,117.7009372,117.7009372,117.7009372,117.7009372,117.7009372,117.7009372,117.7009372,117.7009372,117.7009372,117.7009372,117.7009372
Osphranter_antilopinus,122.516588,122.516588,122.516588,122.516588,122.516588,122.516588,122.516588,122.516588,122.516588,122.516588,122.516588,122.516588,122.516588,122.516588,122.516588,122.516588,122.516588,122.516588,122.516588,122.516588,122.516588,122.516588,122.516588,122.516588,122.516588
Osphranter_robustus,127.6581881,127.6581881,127.6581881,127.6581881,127.6581881,127.6581881,127.6581881,127.6581881,127.6581881,127.6581881,127.6581881,127.6581881,127.6581881,127.6581881,127.6581881,127.6581881,127.6581881,127.6581881,127.6581881,127.6581881,127.6581881,127.6581881,127.6581881,127.6581881,127.6581881
Osphranter_rufus,107.9301888,107.9301888,107.9301888,107.9301888,107.9301888,107.9301888,107.9301888,107.9301888,107.9301888,107.9301888,107.9301888,107.9301888,107.9301888,107.9301888,107.9301888,107.9301888,107.9301888,107.9301888,107.9301888,107.9301888,107.9301888,107.9301888,107.9301888,107.9301888,107.9301888
Petrogale_brachyotis,121.4865642,121.4865642,121.4865642,121.4865642,121.4865642,121.4865642,121.4865642,121.4865642,121.4865642,121.4865642,121.4865642,121.4865642,121.4865642,121.4865642,121.4865642,121.4865642,121.4865642,121.4865642,121.4865642,121.4865642,121.4865642,121.4865642,121.4865642,121.4865642,121.4865642
Petrogale_penicillata,116.9166,116.9166,116.9166,116.9166,116.9166,116.9166,116.9166,116.9166,116.9166,116.9166,116.9166,116.9166,116.9166,116.9166,116.9166,116.9166,116.9166,116.9166,116.9166,116.9166,116.9166,116.9166,116.9166,116.9166,116.9166
Petrogale_persephone,112.8092225,112.8092225,112.8092225,112.8092225,112.8092225,112.8092225,112.8092225,112.8092225,112.8092225,112.8092225,112.8092225,112.8092225,112.8092225,112.8092225,112.8092225,112.8092225,112.8092225,112.8092225,112.8092225,112.8092225,112.8092225,112.8092225,112.8092225,112.8092225,112.8092225
Potorous_tridactylus,113.2452111,113.2452111,113.2452111,113.2452111,113.2452111,113.2452111,113.2452111,113.2452111,113.2452111,113.2452111,113.2452111,113.2452111,113.2452111,113.2452111,113.2452111,113.2452111,113.2452111,113.2452111,113.2452111,113.2452111,113.2452111,113.2452111,113.2452111,113.2452111,113.2452111
Setonix_brachyurus,125.0494513,125.0494513,125.0494513,125.0494513,125.0494513,125.0494513,125.0494513,125.0494513,125.0494513,125.0494513,125.0494513,125.0494513,125.0494513,125.0494513,125.0494513,125.0494513,125.0494513,125.0494513,125.0494513,125.0494513,125.0494513,125.0494513,125.0494513,125.0494513,125.0494513
Thylogale_stigmatica,125.7464092,125.7464092,125.7464092,125.7464092,125.7464092,125.7464092,125.7464092,125.7464092,125.7464092,125.7464092,125.7464092,125.7464092,125.7464092,125.7464092,125.7464092,125.7464092,125.7464092,125.7464092,125.7464092,125.7464092,125.7464092,125.7464092,125.7464092,125.7464092,125.7464092
Thylogale_thetis,105.4082005,105.4082005,105.4082005,105.4082005,105.4082005,105.4082005,105.4082005,105.4082005,105.4082005,105.4082005,105.4082005,105.4082005,105.4082005,105.4082005,105.4082005,105.4082005,105.4082005,105.4082005,105.4082005,105.4082005,105.4082005,105.4082005,105.4082005,105.4082005,105.4082005
Wallabia_bicolor,139.1555311,139.1555311,139.1555311,139.1555311,139.1555311,139.1555311,139.1555311,139.1555311,139.1555311,139.1555311,139.1555311,139.1555311,139.1555311,139.1555311,139.1555311,139.1555311,139.1555311,139.1555311,139.1555311,139.1555311,139.1555311,139.1555311,139.1555311,139.1555311,139.1555311
'14',130.03712583719957,128.88810170429795,128.1754380270455,128.79463435250742,133.1799123456509,126.42435099602208,129.37648980873388,126.89794625866486,129.02401947523555,128.66994681289825,128.80230288877135,126.35455500750656,132.91140526918565,127.84703279427937,125.95909234590793,127.40452782678834,126.42698301860537,128.08996920377737,128.82937000146237,127.62816189627338,129.90634689976517,129.0249161446788,126.54918433632824,127.77306462848316,125.66999822808593
'25',120.47004225583275,119.992804063522,112.05388180285456,120.40973394758151,117.76493075469541,115.33036654036198,118.20055036754515,124.25251518345868,115.9200802213798,118.69060332540515,121.06567307635919,115.80892197239643,119.9875828756256,115.23556922295995,120.225510061805,120.04241459172215,118.81150701723584,121.55604092200956,120.30655265517125,112.11566645905016,115.3438593624334,110.09645878850365,114.97588187092978,110.24427722346398,123.59791426176196
'37',129.56692215845558,128.86312739752992,131.00122714355842,129.0671623171224,128.48686965727563,128.91514668046315,130.66155678394,129.53534231959006,130.5137678396036,129.3635272446731,128.58202490913635,129.4480353028133,130.67659312355437,128.7358097868575,130.32078411502917,129.9682013642226,131.30432694218564,129.71688772796918,131.58872971374728,130.7396663616998,130.2498010551188,130.13674129497394,129.28050740337568,127.23342681641832,130.74671385787795
'36',128.63683368379722,127.12340332149613,127.16667328247598,128.14902593476765,129.5126710669182,131.2504453971848,134.29699389727574,131.56555552637752,131.7016882701497,126.93941763661488,129.67600281924499,130.9704666870543,130.2290905143308,127.27679950348762,132.420394065708,129.7014813206934,124.27865844757247,129.1319472772258,127.66775069428385,131.56252289812494,131.25609930533517,126.85857618600626,131.1546808153937,124.79862171014643,129.72542345216658
'35',126.16098598574432,127.70233446883732,124.39822357645619,122.92293677456342,125.76271042104574,125.3154727595114,131.16801578289457,128.57350353863566,126.01746312944071,121.16315275693928,125.136633011487,124.16984049110137,128.07232634079747,124.38060483382766,129.2680516492529,127.84459204493345,119.51193726544687,125.63796455314684,122.05127569724436,129.96145710832386,129.27135479658386,123.70062425006019,127.0022683633522,120.72021138429403,127.08301462988875
'34',114.63233068798411,113.96872484841212,116.07997707896355,111.6357502017832,116.91682363301106,110.66818582308706,114.48089899345464,114.59000524935682,115.97776044289645,113.84170047358523,114.72890836096295,112.44707902460259,113.32835364350706,111.69043747651223,114.17873650910904,113.56098342867728,113.31357576242753,113.03378404710423,115.44638349324903,115.23988689450667,114.80286931268652,116.9539633211964,114.01306454003537,111.59208842082195,113.85911094408462
'33',129.20715824255518,129.3939404412684,129.1497352771322,126.29131450377002,128.1550157182559,125.96343486667399,126.48821149578619,128.14189923381656,126.75111430055537,128.21558409478706,128.4192158000206,126.4434779336389,127.84995228819764,128.05098101151646,126.78938245546051,127.81481669571829,127.24773376016594,127.867623282514,125.95404853090952,126.4834171765397,126.90547084168901,126.7236853386136,128.6301906875289,129.02811224796923,123.91155308741732
'51',132.63419588573575,130.24387624156694,131.7205817879889,130.9670963798889,128.36255401590012,130.47703300556785,132.6169861461937,129.8716935485177,133.04752847360737,135.12114047886558,130.15938877735232,132.09701339285925,134.47222369377425,135.41262488748168,130.2584532151204,131.73269878246774,130.9336125400199,135.5067434126072,129.2040173664086,130.31301064665723,131.29781126562978,130.08571260384724,134.6660466772694,136.7171107976191,128.06701736533853
'57',115.07794074820494,111.31735945340809,117.14728533154835,115.49704549588796,112.41271105449637,116.63080707716111,114.01489714495646,118.00913136950089,120.65781677203516,115.02245503306524,115.00629857651724,114.68887708753087,114.57893650216418,115.97112396813647,113.90384561618079,113.87085001964087,114.35179357102406,114.21108296239397,116.27401873428424,114.6242010876512,112.66619445278987,113.0813956231057,113.44442568150295,116.13528213846261,118.00564910405635
'56',114.3507516213768,119.06419246030973,117.12424998041344,118.76403258104517,116.44761233846826,113.73267752622971,115.71172748910143,116.52236632055401,118.27509996860118,116.77559708721154,119.837726865579,117.50228452528036,116.90818003333489,117.59125492555896,119.48657105211299,115.41249184493752,117.19525908519061,114.32410065587479,117.6818267759896,115.23480174620916,118.24144753609735,115.04907755497855,115.13685473176157,118.16511368388977,116.83674199823894
'63',126.21988347411332,124.24046692179822,123.43582421055817,124.62618319083647,126.6505791018541,123.87289591895914,125.50343042165697,124.04404823152812,126.66175604566497,124.63247125758824,124.93825833785944,124.75753583585171,126.57325632656891,125.79000615377552,124.14739647316469,125.09246589709458,125.75161153062409,124.8696437988301,125.01246965930738,124.9070781784289,126.21558586390184,123.81910320790026,124.8647201030947,123.27766949055086,123.76455487384183
'73',124.86299258512088,125.78174812340893,124.73023546745478,126.46106895935974,125.54339882345506,127.28449648193234,124.81873984198286,128.64734213646497,127.57687645356143,125.86566551822033,127.38466692580829,127.2541233606486,127.06504563084407,125.55097013100499,124.91728468807759,125.1357690642502,125.48358152717869,128.54037907008586,127.11751473065398,127.30206977676191,124.45853268043506,125.1374943442065,125.95869284349061,126.19670467537915,127.33308450299664
'84',120.29970661764594,120.454656217012,119.31574052049201,119.75541714222389,120.66114017667745,119.01393101628781,119.533943748558,118.05739700338086,120.57105478841402,122.93881437346167,119.50668813738265,119.76493351837615,118.03717371305498,119.24365069295078,118.7434920906888,121.8326617903364,121.0674627228886,120.67022786132836,119.71257285828997,119.70081826694357,119.54935188695502,116.89823685057891,120.57935699403158,119.36111226023041,119.7276747416465
'82',119.9698033284417,119.79702387679656,118.94746134574211,119.62712505202849,118.78205464524378,118.43001556230763,119.94911145740451,119.05725510252073,120.79321734215124,117.39987162150447,118.04218898304931,118.51894991096934,119.02164423959883,118.60080721884461,118.42059227040565,119.99768579493848,119.0310762918938,120.03470361634793,119.00141580635056,119.86214661176436,118.54814873845511,119.33843168851845,119.46125679852081,119.78080019036571,117.61817525961094
'13',130.77883223689898,127.60439298306949,130.913669125337,130.02398114829205,134.15658679749077,122.07058251497071,130.50740315699647,127.91571941369246,131.06025800561974,130.0678821450038,126.64549961134257,136.86527196318897,128.25746038857687,127.57891279161957,123.96044820077682,130.24699061279802,125.66805533395551,128.4970577505825,131.87379066760616,126.75073363088535,132.40737967547923,127.99079409894304,125.11024737217933,129.93947757078774,126.59033021285117
'43',113.73155871945706,114.61811763728448,116.38500804544725,111.75998673230885,117.59861239576645,111.87585869370807,114.5912377406728,114.2031003826127,116.2826388164252,113.80202440968566,115.30438455253932,113.34134261661916,113.35870957460007,111.68297144003168,115.8827420096341,113.33024599190266,114.32388196947619,113.10199047639448,114.24152810921548,116.72574074998072,115.26282752759272,116.98663517264089,115.6389908697186,112.09729504044574,114.90757573296906
'50',132.32145668541847,129.9316424294802,128.28876562654514,128.36732237283883,126.69049818650561,129.2368519173952,130.0912343698826,130.04814400412224,131.9926682306564,130.86838059337666,130.06624887975303,130.59844603687037,132.7831471012602,133.40900390719784,131.13972125169667,131.7046773412565,128.401787366641,134.84453533385638,128.39437835735367,128.69643458502554,131.88825540992258,131.82250400320675,131.79655717626076,134.93275622938378,127.02143279622182
'48',116.56144054879991,121.37608732750446,120.92330967004514,121.98027991356795,119.37201363718191,117.1935261964385,118.8311838108682,119.13472252835284,121.74669751904291,120.89662445810465,124.62240237442415,119.96479061693277,119.95365089178011,120.88959553826147,121.84408053717668,117.69736882986209,122.03614442948131,118.87186464932063,120.83914225108384,120.57156746834293,122.2057033497919,119.85294475666164,119.51187756086242,121.33469514849783,120.2766469008722
'47',120.87689241676222,120.64134511887403,119.14372938970659,121.11834178152155,122.18295708860823,121.03741027168839,121.29746737899286,119.48070139413333,121.74052352871483,120.89352380671986,121.00239507107531,120.12589213868368,119.52993072787399,119.94472583582125,119.41945777637652,121.50955623046005,120.9685724504471,120.19414373409482,120.12911083296635,121.43248774552792,121.90661916643474,120.27680901894014,121.86729199977846,118.84592840858542,120.06535573866532
'49',132.32145668541847,129.9316424294802,128.28876562654514,128.36732237283883,126.69049818650561,129.2368519173952,130.0912343698826,130.04814400412224,131.9926682306564,130.86838059337666,130.06624887975303,130.59844603687037,132.7831471012602,133.40900390719784,131.13972125169667,131.7046773412565,128.401787366641,134.84453533385638,128.39437835735367,128.69643458502554,131.88825540992258,131.82250400320675,131.79655717626076,134.93275622938378,127.02143279622182
'68',118.70316227661792,122.07280996162102,120.48461428909036,122.73442768653902,120.48884364132417,118.41066039472823,119.32839257218008,119.9459754806069,121.09460500931245,119.49558513293631,124.56114070805711,119.83300508192673,119.71336744926654,121.09362096349076,121.21342906107391,117.86000737833417,122.78540797980024,120.11854271342294,121.17932079540547,120.51068057407015,120.77881523687594,120.38164707958511,121.15145859337386,119.68668555169687,121.7929262737733
'60',125.29219339013261,122.46302112729956,124.38671482392343,123.96804648858189,121.38246993968573,123.90205981445007,124.19306405024187,124.61764257965054,127.6395314510292,123.97022001864532,125.0665265238754,125.16773217975076,125.5132850840708,125.66782216537948,123.87642212297717,125.07194289043059,123.38985692189014,126.17272903033943,123.61960925239507,122.33491985947654,123.45727142891342,125.18405538471045,124.19978838655221,126.33608197031407,122.87152681333991
'72',119.32593633808206,123.2058677649994,121.48773463098412,123.91323263661464,120.38248428572061,119.34641152750174,119.08884718619049,120.32624885531926,122.75167899923053,120.57287008503128,124.37125244676662,120.89547043493269,120.5719182462435,122.4143859347484,122.14153838721916,118.40842025842743,122.19118476760305,120.37221892747051,121.35483569098196,122.3597078222495,120.88765891291818,120.76846065334051,120.70489979841074,119.6560751155225,121.13949743922204
'87',120.32627555230593,122.28742127546478,121.82029489357699,123.64024283433452,121.15040552277148,119.12223225066303,119.63519125280584,119.4782723079004,122.45845925659427,121.10286330068945,124.51408690292172,120.1750788432053,119.22310342454736,122.12484923669238,122.09198309094921,120.08594599311846,122.82852135740617,120.3805877383104,121.5540224283786,121.41019436309368,119.15127302248294,120.54960327859898,120.3406362933879,120.10454785149818,120.95494307695056
'83',120.93339415520511,122.06858684023352,122.54880504815809,125.09506794615085,121.69190461635895,119.20398789437101,118.67428223603177,118.64868018519445,122.55412059456891,121.52903852664848,123.81302177193201,121.15877118602381,120.47793656551175,123.40558102527137,122.73270625603973,120.71194231912185,123.63024938160628,121.03507356158755,121.49904564243886,122.76078080049852,120.80558863168226,121.05824138095622,120.77437817064724,120.45765305228007,122.93776281024796
'80',120.93339415520511,122.06858684023352,122.54880504815809,125.09506794615085,121.69190461635895,119.20398789437101,118.67428223603177,118.64868018519445,122.55412059456891,121.52903852664848,123.81302177193201,121.15877118602381,120.47793656551175,123.40558102527137,122.73270625603973,120.71194231912185,123.63024938160628,121.03507356158755,121.49904564243886,122.76078080049852,120.80558863168226,121.05824138095622,120.77437817064724,120.45765305228007,122.93776281024796
'79',123.86170809665238,122.9432619034385,123.64951982338505,124.47249318756786,120.85635802286889,122.66086755796921,122.02764259070098,121.90903297789191,125.9651518117595,123.25999329637067,124.79419133392084,123.82146627281348,123.88720518576717,124.13092592880149,123.97039287336443,123.55004810784683,123.60095192035584,124.45718126027612,122.18609906835944,122.67472808970571,122.02123781782537,123.94908250657036,122.35277950531061,123.85696747731008,122.65226109630309
'94',123.98254768370394,123.156885990361,123.84019222607036,124.64630534200548,121.06788662953966,122.96163834624572,122.75099082322221,123.8195763935995,127.69230048702852,123.32680130294293,125.90579177590335,125.10837052758237,124.5522982500999,124.57047044108046,123.83576494521908,123.63286813327362,124.08749915311566,123.60558900862274,122.75052030783176,123.50595099596283,122.41623438465284,124.57684880149645,123.09132516782165,122.47898885147043,122.64698514563247
'92',120.58205061785512,120.11263225594415,118.4339527652966,122.496340037729,125.57134487891257,119.80465763658148,120.88125054929192,118.12764899854884,116.53419998682445,123.47250119596094,122.50581432002119,122.19860988144245,119.94866214005023,121.04090674657829,119.77002025677311,122.386711467432,120.51395775968784,121.71553076333586,120.45693650590437,122.99288757772585,118.45951013116738,119.24228834156229,125.9182141421775,122.56775685726018,122.34234624025275
'78',118.97697813988472,123.08016529967162,119.910659078999,121.4111837048733,124.54791500471175,120.22578095903847,122.64541664370172,122.73874858623425,121.71078644495746,124.72858473219362,121.49094072260031,122.87109659448538,120.83917550296879,122.5996903674722,121.27422941576138,126.06329949076363,118.81270544791742,120.29955318430406,125.18986376136907,127.92927403098788,117.23878305087996,121.26696565746114,127.31916861795003,121.68126982989116,124.82979706247075
'98',125.01829304169878,127.02557704281053,122.91402031595516,119.28706786560682,128.17111518399702,125.31942581758173,126.90976406037153,121.04346409253992,123.63179213763816,127.93487026528938,123.10241314983344,128.8386802096936,125.67358193151887,125.49190044407707,126.32507587701568,126.07094889896976,120.48465330119325,120.57964724720402,127.10860537293041,128.3115981624855,120.12176336273214,121.1067222049386,129.93630351100725,121.34626432782997,132.3360504078507
'97',122.94698697665713,126.42936183235581,116.12935047102941,118.92045952470886,126.1883385287294,120.677593040883,120.09560988180603,123.04984826414835,121.19927255511628,129.40194085339422,127.4164195779183,120.48676763681563,122.98370532574488,127.54806736766957,125.10594286120704,122.24583736164838,127.00339490105883,119.65170074516936,122.34233677411655,121.71107604201657,119.64578335160891,111.87948613445023,123.61717782005677,116.42250002043804,132.84543011372537
'77',120.51481734052217,125.41122379254409,117.55668865876935,117.89635134695288,127.28756433383202,122.09639620788481,120.55494848487267,120.97608123209368,118.74060121201939,127.44432881289963,125.5960583544893,118.01844809901458,122.55381179221766,126.70713133440726,122.8131346353529,120.03264159484581,127.69193178447176,119.00599198281803,123.09709970177738,122.10231936353982,119.75954358326918,113.07068711484557,125.36000102696775,114.17807918429371,133.59829749605169
Node 69,127.00033097699045,127.83270586579327,121.78819866767391,119.28534140131892,134.31240896885225,119.41411752568986,123.16556104249806,123.01565869489947,122.72396344025823,128.48985481189996,131.71469055717847,128.17397889729233,122.66784443785214,126.67720005568258,119.02786447325899,126.27004536334923,127.69009978517904,124.84531094794414,125.98017559859655,126.57398335674756,126.67435089925922,117.07451834647502,125.0019342571019,122.19220535041005,134.5345415894883
