Species,201,202,203,204,205,206,207,208,209,2010
Aepyprymnus_rufescens,101.6829248,101.6829248,101.6829248,101.6829248,101.6829248,101.6829248,101.6829248,101.6829248,101.6829248,101.6829248
Bettongia_penicillata,103.2981182,103.2981182,103.2981182,103.2981182,103.2981182,103.2981182,103.2981182,103.2981182,103.2981182,103.2981182
Bettongia_tropica,104.56,104.56,104.56,104.56,104.56,104.56,104.56,104.56,104.56,104.56
Dasyurus_maculatus,96.5,96.5,96.5,96.5,96.5,96.5,96.5,96.5,96.5,96.5
Dasyurus_viverrinus,87.17,87.17,87.17,87.17,87.17,87.17,87.17,87.17,87.17,87.17
Dendrolagus_bennettianus,71.54595719,71.54595719,71.54595719,71.54595719,71.54595719,71.54595719,71.54595719,71.54595719,71.54595719,71.54595719
Dendrolagus_goodfellowi,136.47,136.47,136.47,136.47,136.47,136.47,136.47,136.47,136.47,136.47
Dendrolagus_lumholtzi,90.61,90.61,90.61,90.61,90.61,90.61,90.61,90.61,90.61,90.61
Dendrolagus_matschiei,96.5,96.5,96.5,96.5,96.5,96.5,96.5,96.5,96.5,96.5
Dorcopsulus_vanheurni,132.51,132.51,132.51,132.51,132.51,132.51,132.51,132.51,132.51,132.51
Hypsiprymnodon_moschatus,85.36,85.36,85.36,85.36,85.36,85.36,85.36,85.36,85.36,85.36
Lagorchestes_conspicillatus,181.22,181.22,181.22,181.22,181.22,181.22,181.22,181.22,181.22,181.22
Lagorchestes_hirsutus,166.86,166.86,166.86,166.86,166.86,166.86,166.86,166.86,166.86,166.86
Lagostrophus_fasciatus,103.2981182,103.2981182,103.2981182,103.2981182,103.2981182,103.2981182,103.2981182,103.2981182,103.2981182,103.2981182
Macropus_fuliginosus,273.0,273.0,273.0,273.0,273.0,273.0,273.0,273.0,273.0,273.0
Macropus_giganteus,454.3138412,454.3138412,454.3138412,454.3138412,454.3138412,454.3138412,454.3138412,454.3138412,454.3138412,454.3138412
Notamacropus_agilis,185.5748891,185.5748891,185.5748891,185.5748891,185.5748891,185.5748891,185.5748891,185.5748891,185.5748891,185.5748891
Notamacropus_irma,237.4072831,237.4072831,237.4072831,237.4072831,237.4072831,237.4072831,237.4072831,237.4072831,237.4072831,237.4072831
Onychogalea_fraenata,228.0,228.0,228.0,228.0,228.0,228.0,228.0,228.0,228.0,228.0
Onychogalea_unguifera,175.04,175.04,175.04,175.04,175.04,175.04,175.04,175.04,175.04,175.04
Osphranter_antilopinus,418.3399165,418.3399165,418.3399165,418.3399165,418.3399165,418.3399165,418.3399165,418.3399165,418.3399165,418.3399165
Osphranter_robustus,87.17,87.17,87.17,87.17,87.17,87.17,87.17,87.17,87.17,87.17
Osphranter_rufus,544.1005358,544.1005358,544.1005358,544.1005358,544.1005358,544.1005358,544.1005358,544.1005358,544.1005358,544.1005358
Petrogale_brachyotis,160.26,160.26,160.26,160.26,160.26,160.26,160.26,160.26,160.26,160.26
Petrogale_penicillata,177.37,177.37,177.37,177.37,177.37,177.37,177.37,177.37,177.37,177.37
Petrogale_persephone,454.3138412,454.3138412,454.3138412,454.3138412,454.3138412,454.3138412,454.3138412,454.3138412,454.3138412,454.3138412
Potorous_tridactylus,90.61,90.61,90.61,90.61,90.61,90.61,90.61,90.61,90.61,90.61
Pseudocheirus_peregrinus,71.54595719,71.54595719,71.54595719,71.54595719,71.54595719,71.54595719,71.54595719,71.54595719,71.54595719,71.54595719
Setonix_brachyurus,132.51,132.51,132.51,132.51,132.51,132.51,132.51,132.51,132.51,132.51
Spilocuscus_maculatus,64.59,64.59,64.59,64.59,64.59,64.59,64.59,64.59,64.59,64.59
Thylacinus_cynocephalus,175.04,175.04,175.04,175.04,175.04,175.04,175.04,175.04,175.04,175.04
Thylogale_stigmatica,139.04,139.04,139.04,139.04,139.04,139.04,139.04,139.04,139.04,139.04
Thylogale_thetis,161.83,161.83,161.83,161.83,161.83,161.83,161.83,161.83,161.83,161.83
Trichosurus_vulpecula,96.5,96.5,96.5,96.5,96.5,96.5,96.5,96.5,96.5,96.5
Wallabia_bicolor,228.0,228.0,228.0,228.0,228.0,228.0,228.0,228.0,228.0,228.0
'14',89.49549877891681,91.74504676995748,90.95390167458463,90.46385201133648,89.29298826503533,94.67886780911326,91.96925235325368,90.04342456418789,90.55418012160125,93.47257941364262
'25',79.61311338830937,83.15661193761171,82.67794871276809,72.52712779693007,82.62652410068344,85.06886286355908,80.85827735850299,80.91347158035815,80.22799209188459,76.24485249856542
'37',102.10501615407723,103.37432512480324,105.57712615904121,105.88604652310434,102.17786934551376,102.9193405163299,103.38478721231712,100.93474442198118,104.63642573646527,103.82383444437946
'36',101.88159275979845,105.30258779641551,103.30546317067247,107.11115170764084,101.24203692127874,103.17535441577999,102.77029553734128,104.80401411351716,105.50308637101288,106.24915091248681
'35',98.08109775385361,104.57601635305066,98.85792730313744,105.59638185742493,100.09306619405454,101.25854336028618,103.05120782771377,101.84630021241703,103.56221383958754,101.92890448301199
'34',315.1074378863983,316.9242667575869,315.3285041534839,314.4418442983989,316.9499635995727,316.55744639227385,315.8882084220992,314.2796681777407,317.22543076608065,315.74458920541207
'33',118.71730073332746,117.79471519012705,113.09426404834947,117.00218933957987,116.16166724269658,116.5133821913296,116.1079090832349,114.41718447193287,119.12968392422438,118.76355458291168
'51',110.06648747278146,109.73286117174261,105.7847995566327,111.76392424037691,105.73651145463319,106.6503444312575,106.2887103974258,107.26179229753657,108.96744305112794,108.25818138321267
'57',147.5304222038131,149.039534917625,149.9184747061876,150.7378187847407,150.15590921730887,148.71138600078584,150.54789039725355,150.03784992937943,152.078694450859,147.39825669559286
'56',209.76034499585168,212.36383376091234,210.17832517584202,212.12294086291547,214.44683034703638,211.79833669889635,212.39897387431554,213.3264425982228,210.31362718727723,211.37468709935922
'63',253.24132669524874,252.54357836849596,253.65061603749044,252.72194050810467,252.639808636659,251.3473279742243,250.78613231270094,252.2348771678474,252.3816983315001,253.69171421266725
'73',362.48150942555776,364.32478216616516,362.66374221663114,362.43227118830674,365.1554747114457,361.68129586804673,364.0253910455407,363.9117898948437,362.57622762794205,363.32017575780554
'84',173.12139189160374,173.85209274153505,173.6634208349215,173.37951084909446,173.70170334407538,175.68116279979904,174.67713147073795,171.69008818900556,175.73201625422882,174.09857957936592
'82',203.45444298291204,201.34735150037258,202.04035217851327,203.1665860536906,201.3358886987084,201.84995372787301,202.43689708643436,200.6125958607611,201.47183215606114,202.18099170117395
'13',129.65788320930017,132.89277051311092,133.37399542732308,123.38630135016417,131.65799320000744,130.37787552941666,134.5635506851877,127.81702402065665,125.46659951654597,131.94854533306102
'43',305.1802550713193,307.3270978786179,304.70166735761364,303.93837229564383,307.7276891797773,306.5778566754597,305.498361873735,304.4268863793755,306.84954517568883,307.1322264441806
'50',105.44473068103065,104.13121630819023,100.92406525488938,105.95926131280898,100.4909473275405,100.32783967997155,102.58677585018901,102.37943767410374,102.80032332249314,101.45968430056615
'48',213.180122186269,215.99792672112056,211.8754954572883,214.05848040473398,215.13789692926474,213.68761160341626,215.6008041975576,215.08438364714672,212.38863024328745,213.4970536976994
'47',327.37779713200956,328.0085760731174,329.3258007211744,327.0890405149363,327.5180362783879,326.23951829864524,325.7949440317343,327.8665411414892,328.0833401536762,328.9257718075336
'49',105.44473068103065,104.13121630819023,100.92406525488938,105.95926131280898,100.4909473275405,100.32783967997155,102.58677585018901,102.37943767410374,102.80032332249314,101.45968430056615
'68',235.5247467939165,236.45068566435063,235.78235157180467,235.4249666101693,236.09444564870998,235.00096966175417,236.5030278312536,238.6315518527473,235.81693629979196,237.2661469367907
'60',121.71383107195929,122.64079209080926,119.9473021803107,123.80529924153474,119.99515529687508,118.96143428480785,121.59477004635133,121.27800041665512,121.30203603415737,119.35794901849778
'72',246.3888218986384,247.55971290634415,245.62350316610733,247.32060928495466,246.69563766732574,245.40268345809102,247.91581557671563,249.57342144630124,245.8382622797913,248.20060076369177
'87',235.01657845205744,236.5583118270951,234.5201649962742,236.12024703848402,234.58251756393773,233.5731527975954,237.77582773822436,238.26126757822684,234.5266651221653,236.69643593170267
'83',230.17225487732682,231.4384613570381,229.66928540614703,231.65712399050327,230.46747689498176,229.0856432884899,232.86126664075468,233.42993862526828,229.29648009481846,231.71763201808292
'80',230.17225487732682,231.4384613570381,229.66928540614703,231.65712399050327,230.46747689498176,229.0856432884899,232.86126664075468,233.42993862526828,229.29648009481846,231.71763201808292
'79',166.05367056152244,166.85660424236096,165.47496833962273,168.48859289061147,165.15362476602658,164.42170464610467,166.47604085499972,166.796900007011,165.89527724338868,166.30361748742988
'94',163.18756227315825,163.55239353915937,162.02780649613874,167.42932961445598,161.8007038297715,161.981981777679,165.71267787513406,163.8152453234771,161.81940598292985,163.59268537287704
'92',140.31208571257775,144.09150362949595,145.24054174119922,152.74878730375335,144.29476488202698,145.446509453194,148.21529814145575,145.19495478316853,142.99125421666113,144.68757942833116
'78',127.872124996598,132.1974016096637,133.4058654877476,140.04563769937823,131.99002696018277,132.83201027981218,135.2637601320952,132.63251369324897,129.57676416517003,130.56646703962932
'98',119.57385169423623,117.15087354203168,119.1538278680466,126.04698786046507,116.79592211303307,125.9229112182542,118.75917011952124,124.99731496724517,113.4060046667348,119.3837072242571
'97',96.82334847629068,101.6682138002612,101.62369130771958,104.43686685551647,107.75143115969306,110.25389350073473,100.61036887686916,107.49082852697899,94.4913666009268,103.1984230276976
'77',95.1419233598627,97.8764079140773,101.10671217275686,102.11289309318965,106.04898168935176,109.7553741345497,97.55765105392678,107.13549809580658,93.52638187316136,103.08691411170796
Node 69,107.57898575778077,115.06233264029903,110.88044349187922,109.54114157223299,115.67607253879883,118.38048170269958,111.7936926586786,113.97397888287502,102.36750493079258,116.35525520062824
