Species,41,42,43,44,45,46,47,48,49,410,411,412,413,414,415,416,417,418,419,420,421,422,423,424,425
Thylacinus_cynocephalus,177.37,177.37,177.37,177.37,177.37,177.37,177.37,177.37,177.37,177.37,177.37,177.37,177.37,177.37,177.37,177.37,177.37,177.37,177.37,177.37,177.37,177.37,177.37,177.37,177.37
Dasyurus_maculatus,104.56,104.56,104.56,104.56,104.56,104.56,104.56,104.56,104.56,104.56,104.56,104.56,104.56,104.56,104.56,104.56,104.56,104.56,104.56,104.56,104.56,104.56,104.56,104.56,104.56
Dasyurus_viverrinus,127.85,127.85,127.85,127.85,127.85,127.85,127.85,127.85,127.85,127.85,127.85,127.85,127.85,127.85,127.85,127.85,127.85,127.85,127.85,127.85,127.85,127.85,127.85,127.85,127.85
Pseudocheirus_peregrinus,62.74,62.74,62.74,62.74,62.74,62.74,62.74,62.74,62.74,62.74,62.74,62.74,62.74,62.74,62.74,62.74,62.74,62.74,62.74,62.74,62.74,62.74,62.74,62.74,62.74
Spilocuscus_maculatus,111.18,111.18,111.18,111.18,111.18,111.18,111.18,111.18,111.18,111.18,111.18,111.18,111.18,111.18,111.18,111.18,111.18,111.18,111.18,111.18,111.18,111.18,111.18,111.18,111.18
Trichosurus_vulpecula,87.17,87.17,87.17,87.17,87.17,87.17,87.17,87.17,87.17,87.17,87.17,87.17,87.17,87.17,87.17,87.17,87.17,87.17,87.17,87.17,87.17,87.17,87.17,87.17,87.17
Hypsiprymnodon_moschatus,115.65,115.65,115.65,115.65,115.65,115.65,115.65,115.65,115.65,115.65,115.65,115.65,115.65,115.65,115.65,115.65,115.65,115.65,115.65,115.65,115.65,115.65,115.65,115.65,115.65
Aepyprymnus_rufescens,166.86,166.86,166.86,166.86,166.86,166.86,166.86,166.86,166.86,166.86,166.86,166.86,166.86,166.86,166.86,166.86,166.86,166.86,166.86,166.86,166.86,166.86,166.86,166.86,166.86
Bettongia_penicillata,166.86,166.86,166.86,166.86,166.86,166.86,166.86,166.86,166.86,166.86,166.86,166.86,166.86,166.86,166.86,166.86,166.86,166.86,166.86,166.86,166.86,166.86,166.86,166.86,166.86
Bettongia_tropica,181.22,181.22,181.22,181.22,181.22,181.22,181.22,181.22,181.22,181.22,181.22,181.22,181.22,181.22,181.22,181.22,181.22,181.22,181.22,181.22,181.22,181.22,181.22,181.22,181.22
Dendrolagus_bennettianus,111.18,111.18,111.18,111.18,111.18,111.18,111.18,111.18,111.18,111.18,111.18,111.18,111.18,111.18,111.18,111.18,111.18,111.18,111.18,111.18,111.18,111.18,111.18,111.18,111.18
Dendrolagus_goodfellowi,237.4072831,237.4072831,237.4072831,237.4072831,237.4072831,237.4072831,237.4072831,237.4072831,237.4072831,237.4072831,237.4072831,237.4072831,237.4072831,237.4072831,237.4072831,237.4072831,237.4072831,237.4072831,237.4072831,237.4072831,237.4072831,237.4072831,237.4072831,237.4072831,237.4072831
Dendrolagus_lumholtzi,228.0,228.0,228.0,228.0,228.0,228.0,228.0,228.0,228.0,228.0,228.0,228.0,228.0,228.0,228.0,228.0,228.0,228.0,228.0,228.0,228.0,228.0,228.0,228.0,228.0
Dendrolagus_matschiei,418.3399165,418.3399165,418.3399165,418.3399165,418.3399165,418.3399165,418.3399165,418.3399165,418.3399165,418.3399165,418.3399165,418.3399165,418.3399165,418.3399165,418.3399165,418.3399165,418.3399165,418.3399165,418.3399165,418.3399165,418.3399165,418.3399165,418.3399165,418.3399165,418.3399165
Dorcopsulus_vanheurni,418.3399165,418.3399165,418.3399165,418.3399165,418.3399165,418.3399165,418.3399165,418.3399165,418.3399165,418.3399165,418.3399165,418.3399165,418.3399165,418.3399165,418.3399165,418.3399165,418.3399165,418.3399165,418.3399165,418.3399165,418.3399165,418.3399165,418.3399165,418.3399165,418.3399165
Lagorchestes_conspicillatus,520.4068969,520.4068969,520.4068969,520.4068969,520.4068969,520.4068969,520.4068969,520.4068969,520.4068969,520.4068969,520.4068969,520.4068969,520.4068969,520.4068969,520.4068969,520.4068969,520.4068969,520.4068969,520.4068969,520.4068969,520.4068969,520.4068969,520.4068969,520.4068969,520.4068969
Lagorchestes_hirsutus,281.9,281.9,281.9,281.9,281.9,281.9,281.9,281.9,281.9,281.9,281.9,281.9,281.9,281.9,281.9,281.9,281.9,281.9,281.9,281.9,281.9,281.9,281.9,281.9,281.9
Lagostrophus_fasciatus,454.3138412,454.3138412,454.3138412,454.3138412,454.3138412,454.3138412,454.3138412,454.3138412,454.3138412,454.3138412,454.3138412,454.3138412,454.3138412,454.3138412,454.3138412,454.3138412,454.3138412,454.3138412,454.3138412,454.3138412,454.3138412,454.3138412,454.3138412,454.3138412,454.3138412
Macropus_fuliginosus,418.3399165,418.3399165,418.3399165,418.3399165,418.3399165,418.3399165,418.3399165,418.3399165,418.3399165,418.3399165,418.3399165,418.3399165,418.3399165,418.3399165,418.3399165,418.3399165,418.3399165,418.3399165,418.3399165,418.3399165,418.3399165,418.3399165,418.3399165,418.3399165,418.3399165
Macropus_giganteus,454.3138412,454.3138412,454.3138412,454.3138412,454.3138412,454.3138412,454.3138412,454.3138412,454.3138412,454.3138412,454.3138412,454.3138412,454.3138412,454.3138412,454.3138412,454.3138412,454.3138412,454.3138412,454.3138412,454.3138412,454.3138412,454.3138412,454.3138412,454.3138412,454.3138412
Notamacropus_agilis,108.78,108.78,108.78,108.78,108.78,108.78,108.78,108.78,108.78,108.78,108.78,108.78,108.78,108.78,108.78,108.78,108.78,108.78,108.78,108.78,108.78,108.78,108.78,108.78,108.78
Notamacropus_irma,454.3138412,454.3138412,454.3138412,454.3138412,454.3138412,454.3138412,454.3138412,454.3138412,454.3138412,454.3138412,454.3138412,454.3138412,454.3138412,454.3138412,454.3138412,454.3138412,454.3138412,454.3138412,454.3138412,454.3138412,454.3138412,454.3138412,454.3138412,454.3138412,454.3138412
Onychogalea_fraenata,237.4072831,237.4072831,237.4072831,237.4072831,237.4072831,237.4072831,237.4072831,237.4072831,237.4072831,237.4072831,237.4072831,237.4072831,237.4072831,237.4072831,237.4072831,237.4072831,237.4072831,237.4072831,237.4072831,237.4072831,237.4072831,237.4072831,237.4072831,237.4072831,237.4072831
Onychogalea_unguifera,181.22,181.22,181.22,181.22,181.22,181.22,181.22,181.22,181.22,181.22,181.22,181.22,181.22,181.22,181.22,181.22,181.22,181.22,181.22,181.22,181.22,181.22,181.22,181.22,181.22
Osphranter_antilopinus,454.3138412,454.3138412,454.3138412,454.3138412,454.3138412,454.3138412,454.3138412,454.3138412,454.3138412,454.3138412,454.3138412,454.3138412,454.3138412,454.3138412,454.3138412,454.3138412,454.3138412,454.3138412,454.3138412,454.3138412,454.3138412,454.3138412,454.3138412,454.3138412,454.3138412
Osphranter_robustus,150.54,150.54,150.54,150.54,150.54,150.54,150.54,150.54,150.54,150.54,150.54,150.54,150.54,150.54,150.54,150.54,150.54,150.54,150.54,150.54,150.54,150.54,150.54,150.54,150.54
Osphranter_rufus,88.10640463,88.10640463,88.10640463,88.10640463,88.10640463,88.10640463,88.10640463,88.10640463,88.10640463,88.10640463,88.10640463,88.10640463,88.10640463,88.10640463,88.10640463,88.10640463,88.10640463,88.10640463,88.10640463,88.10640463,88.10640463,88.10640463,88.10640463,88.10640463,88.10640463
Petrogale_brachyotis,175.04,175.04,175.04,175.04,175.04,175.04,175.04,175.04,175.04,175.04,175.04,175.04,175.04,175.04,175.04,175.04,175.04,175.04,175.04,175.04,175.04,175.04,175.04,175.04,175.04
Petrogale_penicillata,418.3399165,418.3399165,418.3399165,418.3399165,418.3399165,418.3399165,418.3399165,418.3399165,418.3399165,418.3399165,418.3399165,418.3399165,418.3399165,418.3399165,418.3399165,418.3399165,418.3399165,418.3399165,418.3399165,418.3399165,418.3399165,418.3399165,418.3399165,418.3399165,418.3399165
Petrogale_persephone,71.54595719,71.54595719,71.54595719,71.54595719,71.54595719,71.54595719,71.54595719,71.54595719,71.54595719,71.54595719,71.54595719,71.54595719,71.54595719,71.54595719,71.54595719,71.54595719,71.54595719,71.54595719,71.54595719,71.54595719,71.54595719,71.54595719,71.54595719,71.54595719,71.54595719
Potorous_tridactylus,185.5748891,185.5748891,185.5748891,185.5748891,185.5748891,185.5748891,185.5748891,185.5748891,185.5748891,185.5748891,185.5748891,185.5748891,185.5748891,185.5748891,185.5748891,185.5748891,185.5748891,185.5748891,185.5748891,185.5748891,185.5748891,185.5748891,185.5748891,185.5748891,185.5748891
Setonix_brachyurus,161.83,161.83,161.83,161.83,161.83,161.83,161.83,161.83,161.83,161.83,161.83,161.83,161.83,161.83,161.83,161.83,161.83,161.83,161.83,161.83,161.83,161.83,161.83,161.83,161.83
Thylogale_stigmatica,127.85,127.85,127.85,127.85,127.85,127.85,127.85,127.85,127.85,127.85,127.85,127.85,127.85,127.85,127.85,127.85,127.85,127.85,127.85,127.85,127.85,127.85,127.85,127.85,127.85
Thylogale_thetis,87.17,87.17,87.17,87.17,87.17,87.17,87.17,87.17,87.17,87.17,87.17,87.17,87.17,87.17,87.17,87.17,87.17,87.17,87.17,87.17,87.17,87.17,87.17,87.17,87.17
Wallabia_bicolor,132.51,132.51,132.51,132.51,132.51,132.51,132.51,132.51,132.51,132.51,132.51,132.51,132.51,132.51,132.51,132.51,132.51,132.51,132.51,132.51,132.51,132.51,132.51,132.51,132.51
'14',113.79965304064861,120.0880763959458,113.1037944024304,114.103398286421,117.55003351826394,115.19490349589469,117.748882486353,115.78142358319063,115.00194673371176,116.31154052697819,115.03345585614676,116.1376207859113,117.28011834047689,118.26127284698367,116.40722357139303,114.16398738283877,115.5860221455468,114.61242689156087,116.3773070416209,114.56929240348397,118.31656837319865,115.98703559986897,117.3372678032385,116.79100246152038,116.84477831313067
'25',101.2200303943507,104.99382130228109,102.36799839862934,100.05559043675868,97.06749149533907,95.48108272397785,94.34153942561053,94.22186354394357,102.75712029261676,102.01675101388697,93.00072582636767,101.62765780047037,97.4559187700616,97.05079012522042,94.24797206241027,96.24206814723958,99.8802934760771,103.19782284967648,102.8830131701137,98.49079662042074,97.99762381794842,101.30289974463093,104.8672226877128,99.59294661077968,95.62607390949198
'37',173.98868826909754,174.4630854566712,175.63291940449963,172.52650659157374,172.16770819276186,173.2792480216018,173.79459042372474,176.32568958910747,174.72264290135894,173.96850128880882,173.4997005848765,174.11999106427902,174.3976144501658,176.13492555362822,173.82171383097537,174.14084058232382,171.80188918307314,174.74111383459922,173.4071356259522,173.4152888652405,174.24221018551526,173.91159375035915,175.9643703630798,174.20400747592572,174.8014751293948
'36',166.53708653159305,170.414771371385,172.13943920215252,167.43822759090904,168.94459391318716,172.41727187701568,168.7407326916177,173.81426232353814,171.70147684030346,172.41680124141308,174.14655565770724,172.98617356544906,173.98332477480093,172.0165674858218,168.65087130328814,169.87308509486587,168.00165382281676,173.52069252948678,171.2180036918697,172.40303065086673,172.45727343136937,171.00497707854962,173.10894915030536,171.51055151200103,170.8605588357064
'35',167.0363972329318,173.36248362688005,174.9875484646163,167.16406508154532,174.59438864793813,176.27217395590455,170.8579941261661,179.5616027689753,173.6161095743794,174.5648196659594,177.73624040256806,176.6166639593983,175.79537278223327,177.0681302217092,172.44324023933873,176.56550943761567,170.89223623663455,174.4422594584266,172.74334916094097,175.06147985143716,175.27918541933462,171.01179474917262,175.33011071081833,174.97754001589962,175.0787464380843
'34',242.76935909591217,243.47118971227098,245.4165619974926,245.72367193909236,246.44555723811635,241.92047451257025,240.40235101656688,243.3490591905972,243.76480232948884,244.3727004865416,242.84270912261087,243.83001878980414,244.12053497920397,242.74509818791716,245.85719465213276,245.6841068312208,243.9886484644385,243.96202599260667,246.09667539172887,245.80091928886637,245.41510460952935,246.33698692375808,245.2751951847109,243.25391740650556,246.27337393634463
'33',328.58916204972724,326.83606857091206,328.09875239105924,328.19847568358114,327.68790640746033,329.0843198127332,327.5279076551282,328.2932110293019,327.1057034415497,329.78297199102053,327.6271545368185,329.9813747468787,326.8875453232642,328.4984054627667,326.50585678017285,328.5663254451917,329.06025257286274,327.97446292507163,329.6085948213719,328.8336155157858,327.2708244880688,328.0880549602334,328.47694883000213,327.971499296451,328.09379111032194
'51',290.9813980848318,292.8767115973577,290.16988576769614,293.75123056199413,291.29434373395,293.08152657721274,292.28993724834675,291.7208413322472,288.1775318978743,292.4933417009545,290.16941563532265,292.09968336895355,291.56191520769164,291.7021095110247,288.69385977626587,289.79831557654785,291.71956531442584,292.2170111362959,292.9603464702226,290.05865272760576,294.24608214857204,292.5992645413766,291.5721496574215,293.10614748269893,289.6156094880261
'57',107.52085079286815,108.78002682674865,106.8870478372952,107.62862702063344,107.2857202234876,107.2063046743273,106.22871886370474,108.2741905002073,108.1981923468141,108.92283692818502,109.24715759688681,112.18475780993558,106.74061123696535,108.27742179001176,107.97528239232126,106.37128505145246,104.12900509910904,107.77340785899665,110.6437193073181,108.92973483128564,107.0573526823009,103.05614618776228,107.10687280755229,109.69539327455198,106.00814038319301
'56',282.0277793080151,284.3477574327465,280.37437478469866,284.72266821747064,276.7769223646316,282.19722237452766,278.6736833282204,284.11064108797325,282.5376909817418,282.9741580876181,278.9539322534188,282.5807961701557,281.85713302877207,281.3208035987822,279.1396037323397,282.1257500085094,282.3700516017665,282.73258231948705,283.4752899221503,284.0179486224324,281.48491302426385,280.97497029843134,281.0129565219276,279.92508629965914,281.54053015652056
'63',302.2949892635186,301.58696546581547,303.0219637301711,303.1543579155842,302.3636065914997,302.50604959543756,301.129763907885,303.70353252311384,301.9854267137686,301.75560284407186,303.0068980021846,302.56382577127414,300.85628976584053,303.26430095665086,304.4232287395812,302.94879164970575,301.36725860645845,303.63246843281973,302.5096268759147,303.4312378966836,302.40302972383085,302.49849518009063,303.6397952560953,302.4513579798468,304.1346433322253
'73',435.24142209009653,435.17690107025686,435.0574438851932,437.33676825370884,435.67818871134244,436.1370251756828,434.84067541251835,436.33459363332554,435.7367937649101,434.6727076872116,436.11546027849255,438.53753744647906,434.39744563847063,435.26111762398034,435.9068482739115,435.59669025924643,437.42410926881684,435.35140766159617,435.95210695992307,438.42329174256747,436.6841434704653,436.97753078622526,436.61921851361615,435.81317026736235,435.24477270241925
'84',401.2094676394885,400.9416653733416,400.6673479912386,402.92099300388224,399.29831142335195,401.7170265877284,400.1137456934588,401.34134685846095,401.5737385269566,401.6757724012872,399.36322361219413,401.88396195359854,399.54711486637865,401.33049170342974,400.69535909875924,402.4952760413329,400.26052910843975,402.2593843570189,403.11326235027485,399.79022061982687,400.58643446321497,400.81053678291073,400.57824831049953,401.9864874263024,401.547687718363
'82',209.7054041579319,210.06707314618572,209.1423225732094,208.76953908457898,209.26231406178505,208.52514948261995,208.81530931889392,208.62404905477473,209.9443318365721,209.26806570787417,209.81367909387242,210.08956516217242,209.36786346887175,209.69712878210274,209.68853055439632,209.920095765375,209.81490353462112,208.80472230270632,210.18106516932318,208.67950489670235,209.06582148135558,210.0763149101227,210.6151451112617,210.33503280861714,209.94791147726656
'13',146.8747973486587,147.89000255662577,142.6378896038001,134.1954343141006,143.01218133550628,149.72388314601864,146.75963365982918,143.82830708529536,150.55518781794018,143.44215559306448,140.86623684155276,151.10337502788664,148.99242512385567,148.0472243570337,139.00632371214294,136.05940543660986,146.2788311119317,144.04567823524752,141.87207955798942,147.15335716282516,151.10402007371775,143.5464576486339,146.01309279142816,146.6994136149322,143.65355672307825
'43',237.73032034305936,238.2208047159018,241.45699284401564,240.58639786897217,241.64176593578983,236.64891272520194,236.6929571699188,238.20483576892997,238.79986059864606,239.19536942627582,238.24064363051127,238.66051588442838,239.6729611498251,239.59958453546528,241.79394556041896,240.83613958582183,239.1314702922583,238.43574021720406,241.3312895450035,241.443950213525,241.22094632218807,242.3243931281869,240.68261059069155,239.58581219859673,240.76486834596446
'50',264.3798713080739,267.45393825532835,266.66621577468374,268.0262777648894,263.9549713618166,269.62586229994577,267.11366367735246,266.98064899522797,263.04269129580365,267.58444589042085,264.7030625850687,265.1342218258975,266.9915695234761,268.3295488064523,262.8235291236544,265.38482697417885,268.96678279287886,265.08777426758246,267.5663011417587,264.4568843115631,270.0723775188564,267.7885923774937,268.72609030418323,267.57413445551043,263.8961561431971
'48',257.29662453593227,260.80285237555483,256.43558601506254,261.28664289285103,253.38965125967633,258.8643349411311,256.15969359945655,260.2646523266504,257.5184608087326,259.26868036187454,254.0886186170512,258.7289228209166,259.01294016916074,258.4588903996563,255.89235506507669,258.4803595673966,257.82463806235717,259.4965713685261,259.0208934541383,261.1203639123208,256.97677962494737,257.8726918545172,258.29594276897603,257.4084623770159,258.40861207680194
'47',246.88722483608615,246.4176763502109,248.17240428214177,247.04201822996353,246.77276538595092,247.12548119540733,246.70841848935322,248.62199340478318,245.64306211099364,246.98858948029624,248.01522582126228,247.14756441855388,246.60219414171584,246.86669490485033,248.87094389845512,247.85779412635856,245.54048139686597,247.66976268793314,246.70826076645145,248.5580784244872,246.0046468625106,246.6232853168618,248.5331170129469,247.24232285997306,248.13166429474853
'49',264.3798713080739,267.45393825532835,266.66621577468374,268.0262777648894,263.9549713618166,269.62586229994577,267.11366367735246,266.98064899522797,263.04269129580365,267.58444589042085,264.7030625850687,265.1342218258975,266.9915695234761,268.3295488064523,262.8235291236544,265.38482697417885,268.96678279287886,265.08777426758246,267.5663011417587,264.4568843115631,270.0723775188564,267.7885923774937,268.72609030418323,267.57413445551043,263.8961561431971
'68',254.860690135634,258.6692289913931,254.46599097460546,257.0943273542782,250.87644958180155,256.6505356632673,254.18323608222127,259.16854141802014,255.2020951176469,257.0621528079075,251.87204822855048,256.48996595903634,255.58410810246926,256.2271483263456,254.31732959433984,255.30951444616502,255.18053294225672,257.9575038851944,258.1816237548474,257.82836487284027,253.921671450768,255.82283669079257,256.3549386585801,254.05699080805965,256.19986822129215
'60',202.95987889068573,205.69478043305278,202.80096375200785,203.632780183024,201.68745048898177,205.70629431778252,202.3529729112039,204.85091239920243,201.90175047077668,204.56076437298333,203.1868909510014,204.02756280985017,202.5956107619989,206.88500252317783,201.83782650044344,201.00087036536226,203.29934277952145,202.6118616043496,205.52011914527583,202.3309786609848,204.01275169698079,202.08236691554174,204.49712694513556,204.3324848460089,201.186584871056
'72',271.4272048581464,273.7895664168215,269.32804514590646,271.3648457507697,266.66243176120275,271.99104014104574,270.1555789609687,274.8082751911879,269.86000841979387,272.8331360840313,266.63169436272375,271.5531101204909,270.7379257892943,272.0542683065351,267.8541268426081,270.8753785852009,270.8759086132861,273.1168585594332,272.32019350783077,272.37767302932707,269.7117509169605,271.0473866658523,271.5278804144423,270.3609566771351,270.73719322356214
'87',294.6724825800481,294.6929672988662,290.8239661512906,292.86224925964393,289.47505300787793,291.3902936943419,291.85466038938137,295.2902817485007,290.9916574663939,294.17962897883325,286.8053586425331,292.3267814866598,289.3977558572064,292.3324436252223,290.36498389891455,291.7442794000448,291.78535196857644,292.44207584604686,293.2141849264465,292.2724391793194,292.1481689029838,291.9674137542276,293.62515437383735,290.80342016667464,291.9411812290308
'83',288.5793608711906,288.4734908002716,285.4414383832978,286.05920558136097,283.4999962173839,285.27012603008654,285.5358279127489,289.2838125413755,283.72626304455054,287.50465589155857,281.07689729268475,285.5527084346082,282.36711040754193,286.3627668736005,284.8412160161929,285.18106089131726,284.6158586729264,284.52406990618096,288.78784855403705,285.74212691546626,284.9789084247336,284.79462266382177,286.67037198268986,284.8008837466885,285.5374042040765
'80',288.5793608711906,288.4734908002716,285.4414383832978,286.05920558136097,283.4999962173839,285.27012603008654,285.5358279127489,289.2838125413755,283.72626304455054,287.50465589155857,281.07689729268475,285.5527084346082,282.36711040754193,286.3627668736005,284.8412160161929,285.18106089131726,284.6158586729264,284.52406990618096,288.78784855403705,285.74212691546626,284.9789084247336,284.79462266382177,286.67037198268986,284.8008837466885,285.5374042040765
'79',238.17840165101623,239.9123275529878,235.91162719002395,237.813251269386,235.53866265625598,238.17205312211817,236.58038354396243,238.78495422903694,236.15587314809576,238.34189238792231,235.17672912479244,237.50067501795496,235.2353988356409,239.42950910423517,236.47040883768466,235.76528213327052,237.28027488668528,235.99296744769097,239.331158847873,236.84821482747432,236.9373464423134,236.64275249657146,238.59862380410883,237.81380073911754,236.07738549596726
'94',253.3343229619563,256.5464414662334,251.0388717553822,251.44669010858692,249.85120117058702,250.4117071626427,250.80382976416553,254.58427855318362,252.6973732630739,254.05746775689138,249.96191041172057,251.3907766455011,250.20849023417037,253.74760070782085,249.65191306245796,251.30763627542976,252.3445544957957,250.29501091240542,253.71722339454183,251.41780966556374,251.72280199386773,251.53076013494186,254.04255430673152,252.67701392389534,250.7242817470114
'92',315.933776090955,319.41954688701446,316.5725774524649,310.3765825186536,312.2826697440803,314.18277322324315,316.12580059162383,316.6627476308969,315.06699433144263,317.42544913152284,306.87755368556043,310.9464427657546,313.95228699330363,314.9715380773375,315.0341040154057,314.47268166876665,314.9471142670166,311.7407214374473,311.3755701660538,314.47839628591584,314.9808332488921,313.26865790161446,317.20150024198244,316.2685434757437,309.94432334367804
'78',271.52368582875687,274.41673139532685,274.20955264690247,270.1444746647906,272.08759623835635,272.0814172582942,271.82271210669677,277.49515215065315,274.5252528999928,274.95207497773856,268.7335594064854,273.6548551035703,271.1937551528188,271.4640757438566,271.9168648963052,271.47000521446563,271.8090901769498,268.96720922967796,267.16818018430075,274.85029405003314,273.3916917381371,271.8579524480384,274.9704034718998,276.1275270811901,274.0812790151797
'98',227.2136368600746,230.05078203955966,231.3170463981044,233.89714167893771,228.68288621111418,236.95492581812076,234.96340290614873,237.5472756884092,233.37898403863562,233.21244542891995,232.74777506029017,236.84234326381855,226.9833748908159,231.17338757947766,230.35159034446778,234.83423974818803,229.80010982012206,229.534876379237,230.3023215954459,231.63924826875737,228.58111177458423,234.8002596416076,241.18332249853688,234.5375102965549,228.70108782268824
'97',178.89569084799192,180.01082051108096,181.44074000579275,187.4083323834832,179.29017317162513,179.55105363465293,183.19885095514505,182.13365709166933,179.39132033856237,188.37742706269376,180.56971372724058,183.52573822266524,175.58446964290533,180.0538952859061,182.11701448921224,183.34889775613138,180.7024354935689,181.25489154872895,183.25776906932754,178.38900240712658,175.6731893336058,184.4056676185371,184.52116900323838,185.56398716398158,177.3074069095299
'77',172.19392958145085,175.32266799862924,173.53263693936722,180.53146072720727,173.08847744669606,177.130440729375,178.0748533282188,178.52832575160411,171.3090269087754,181.50447221867444,176.1974677330417,177.67583406915838,169.44902913170083,174.0279188139627,176.78926970142115,176.6532206292423,173.02442601368446,173.05709123684525,176.05670577656522,170.24887859668246,165.00429922988545,179.00524561070392,178.10084640073936,178.58773963391442,170.85292503865963
Node 69,155.6864060254198,162.33430332877913,163.3212334864086,170.65543998939916,161.89939824159254,166.77930963621645,166.22056209956315,165.32941729880213,163.30022944062458,167.3763003685621,163.32820044112768,167.27012073943231,163.49941876814898,161.62105334091532,167.9761503973074,160.32292573028565,161.38919938351452,164.5253795573844,164.78820898429373,158.92263479693057,157.22525969684062,165.4756584750819,167.13927721776207,170.30932955412544,164.04616352591287
