Species,11,12,13,14,15,16,17,18,19,110,111,112,113,114,115,116,117,118,119,120,121,122,123,124,125
Aepyprymnus_rufescens,131.878567,131.878567,131.878567,131.878567,131.878567,131.878567,131.878567,131.878567,131.878567,131.878567,131.878567,131.878567,131.878567,131.878567,131.878567,131.878567,131.878567,131.878567,131.878567,131.878567,131.878567,131.878567,131.878567,131.878567,131.878567
Bettongia_penicillata,142.7669,142.7669,142.7669,142.7669,142.7669,142.7669,142.7669,142.7669,142.7669,142.7669,142.7669,142.7669,142.7669,142.7669,142.7669,142.7669,142.7669,142.7669,142.7669,142.7669,142.7669,142.7669,142.7669,142.7669,142.7669
Bettongia_tropica,133.0620686,133.0620686,133.0620686,133.0620686,133.0620686,133.0620686,133.0620686,133.0620686,133.0620686,133.0620686,133.0620686,133.0620686,133.0620686,133.0620686,133.0620686,133.0620686,133.0620686,133.0620686,133.0620686,133.0620686,133.0620686,133.0620686,133.0620686,133.0620686,133.0620686
Dasyurus_maculatus,131.9899714,131.9899714,131.9899714,131.9899714,131.9899714,131.9899714,131.9899714,131.9899714,131.9899714,131.9899714,131.9899714,131.9899714,131.9899714,131.9899714,131.9899714,131.9899714,131.9899714,131.9899714,131.9899714,131.9899714,131.9899714,131.9899714,131.9899714,131.9899714,131.9899714
Dasyurus_viverrinus,124.6052588,124.6052588,124.6052588,124.6052588,124.6052588,124.6052588,124.6052588,124.6052588,124.6052588,124.6052588,124.6052588,124.6052588,124.6052588,124.6052588,124.6052588,124.6052588,124.6052588,124.6052588,124.6052588,124.6052588,124.6052588,124.6052588,124.6052588,124.6052588,124.6052588
Dendrolagus_bennettianus,128.5599648,128.5599648,128.5599648,128.5599648,128.5599648,128.5599648,128.5599648,128.5599648,128.5599648,128.5599648,128.5599648,128.5599648,128.5599648,128.5599648,128.5599648,128.5599648,128.5599648,128.5599648,128.5599648,128.5599648,128.5599648,128.5599648,128.5599648,128.5599648,128.5599648
Dendrolagus_goodfellowi,140.5992517,140.5992517,140.5992517,140.5992517,140.5992517,140.5992517,140.5992517,140.5992517,140.5992517,140.5992517,140.5992517,140.5992517,140.5992517,140.5992517,140.5992517,140.5992517,140.5992517,140.5992517,140.5992517,140.5992517,140.5992517,140.5992517,140.5992517,140.5992517,140.5992517
Dendrolagus_lumholtzi,132.9294689,132.9294689,132.9294689,132.9294689,132.9294689,132.9294689,132.9294689,132.9294689,132.9294689,132.9294689,132.9294689,132.9294689,132.9294689,132.9294689,132.9294689,132.9294689,132.9294689,132.9294689,132.9294689,132.9294689,132.9294689,132.9294689,132.9294689,132.9294689,132.9294689
Dendrolagus_matschiei,142.7669,142.7669,142.7669,142.7669,142.7669,142.7669,142.7669,142.7669,142.7669,142.7669,142.7669,142.7669,142.7669,142.7669,142.7669,142.7669,142.7669,142.7669,142.7669,142.7669,142.7669,142.7669,142.7669,142.7669,142.7669
Dorcopsulus_vanheurni,142.9101958,142.9101958,142.9101958,142.9101958,142.9101958,142.9101958,142.9101958,142.9101958,142.9101958,142.9101958,142.9101958,142.9101958,142.9101958,142.9101958,142.9101958,142.9101958,142.9101958,142.9101958,142.9101958,142.9101958,142.9101958,142.9101958,142.9101958,142.9101958,142.9101958
Hypsiprymnodon_moschatus,145.9606016,145.9606016,145.9606016,145.9606016,145.9606016,145.9606016,145.9606016,145.9606016,145.9606016,145.9606016,145.9606016,145.9606016,145.9606016,145.9606016,145.9606016,145.9606016,145.9606016,145.9606016,145.9606016,145.9606016,145.9606016,145.9606016,145.9606016,145.9606016,145.9606016
Lagorchestes_conspicillatus,135.396149,135.396149,135.396149,135.396149,135.396149,135.396149,135.396149,135.396149,135.396149,135.396149,135.396149,135.396149,135.396149,135.396149,135.396149,135.396149,135.396149,135.396149,135.396149,135.396149,135.396149,135.396149,135.396149,135.396149,135.396149
Lagorchestes_hirsutus,133.878334,133.878334,133.878334,133.878334,133.878334,133.878334,133.878334,133.878334,133.878334,133.878334,133.878334,133.878334,133.878334,133.878334,133.878334,133.878334,133.878334,133.878334,133.878334,133.878334,133.878334,133.878334,133.878334,133.878334,133.878334
Lagostrophus_fasciatus,135.6645212,135.6645212,135.6645212,135.6645212,135.6645212,135.6645212,135.6645212,135.6645212,135.6645212,135.6645212,135.6645212,135.6645212,135.6645212,135.6645212,135.6645212,135.6645212,135.6645212,135.6645212,135.6645212,135.6645212,135.6645212,135.6645212,135.6645212,135.6645212,135.6645212
Macropus_fuliginosus,144.1397983,144.1397983,144.1397983,144.1397983,144.1397983,144.1397983,144.1397983,144.1397983,144.1397983,144.1397983,144.1397983,144.1397983,144.1397983,144.1397983,144.1397983,144.1397983,144.1397983,144.1397983,144.1397983,144.1397983,144.1397983,144.1397983,144.1397983,144.1397983,144.1397983
Macropus_giganteus,128.8427767,128.8427767,128.8427767,128.8427767,128.8427767,128.8427767,128.8427767,128.8427767,128.8427767,128.8427767,128.8427767,128.8427767,128.8427767,128.8427767,128.8427767,128.8427767,128.8427767,128.8427767,128.8427767,128.8427767,128.8427767,128.8427767,128.8427767,128.8427767,128.8427767
Notamacropus_agilis,131.878567,131.878567,131.878567,131.878567,131.878567,131.878567,131.878567,131.878567,131.878567,131.878567,131.878567,131.878567,131.878567,131.878567,131.878567,131.878567,131.878567,131.878567,131.878567,131.878567,131.878567,131.878567,131.878567,131.878567,131.878567
Notamacropus_irma,122.4449379,122.4449379,122.4449379,122.4449379,122.4449379,122.4449379,122.4449379,122.4449379,122.4449379,122.4449379,122.4449379,122.4449379,122.4449379,122.4449379,122.4449379,122.4449379,122.4449379,122.4449379,122.4449379,122.4449379,122.4449379,122.4449379,122.4449379,122.4449379,122.4449379
Onychogalea_fraenata,128.8427767,128.8427767,128.8427767,128.8427767,128.8427767,128.8427767,128.8427767,128.8427767,128.8427767,128.8427767,128.8427767,128.8427767,128.8427767,128.8427767,128.8427767,128.8427767,128.8427767,128.8427767,128.8427767,128.8427767,128.8427767,128.8427767,128.8427767,128.8427767,128.8427767
Onychogalea_unguifera,126.6454817,126.6454817,126.6454817,126.6454817,126.6454817,126.6454817,126.6454817,126.6454817,126.6454817,126.6454817,126.6454817,126.6454817,126.6454817,126.6454817,126.6454817,126.6454817,126.6454817,126.6454817,126.6454817,126.6454817,126.6454817,126.6454817,126.6454817,126.6454817,126.6454817
Osphranter_antilopinus,123.4242032,123.4242032,123.4242032,123.4242032,123.4242032,123.4242032,123.4242032,123.4242032,123.4242032,123.4242032,123.4242032,123.4242032,123.4242032,123.4242032,123.4242032,123.4242032,123.4242032,123.4242032,123.4242032,123.4242032,123.4242032,123.4242032,123.4242032,123.4242032,123.4242032
Osphranter_robustus,123.4242032,123.4242032,123.4242032,123.4242032,123.4242032,123.4242032,123.4242032,123.4242032,123.4242032,123.4242032,123.4242032,123.4242032,123.4242032,123.4242032,123.4242032,123.4242032,123.4242032,123.4242032,123.4242032,123.4242032,123.4242032,123.4242032,123.4242032,123.4242032,123.4242032
Osphranter_rufus,144.1397983,144.1397983,144.1397983,144.1397983,144.1397983,144.1397983,144.1397983,144.1397983,144.1397983,144.1397983,144.1397983,144.1397983,144.1397983,144.1397983,144.1397983,144.1397983,144.1397983,144.1397983,144.1397983,144.1397983,144.1397983,144.1397983,144.1397983,144.1397983,144.1397983
Petrogale_brachyotis,135.7323303,135.7323303,135.7323303,135.7323303,135.7323303,135.7323303,135.7323303,135.7323303,135.7323303,135.7323303,135.7323303,135.7323303,135.7323303,135.7323303,135.7323303,135.7323303,135.7323303,135.7323303,135.7323303,135.7323303,135.7323303,135.7323303,135.7323303,135.7323303,135.7323303
Petrogale_penicillata,124.9868291,124.9868291,124.9868291,124.9868291,124.9868291,124.9868291,124.9868291,124.9868291,124.9868291,124.9868291,124.9868291,124.9868291,124.9868291,124.9868291,124.9868291,124.9868291,124.9868291,124.9868291,124.9868291,124.9868291,124.9868291,124.9868291,124.9868291,124.9868291,124.9868291
Petrogale_persephone,147.6467776,147.6467776,147.6467776,147.6467776,147.6467776,147.6467776,147.6467776,147.6467776,147.6467776,147.6467776,147.6467776,147.6467776,147.6467776,147.6467776,147.6467776,147.6467776,147.6467776,147.6467776,147.6467776,147.6467776,147.6467776,147.6467776,147.6467776,147.6467776,147.6467776
Potorous_tridactylus,145.9606016,145.9606016,145.9606016,145.9606016,145.9606016,145.9606016,145.9606016,145.9606016,145.9606016,145.9606016,145.9606016,145.9606016,145.9606016,145.9606016,145.9606016,145.9606016,145.9606016,145.9606016,145.9606016,145.9606016,145.9606016,145.9606016,145.9606016,145.9606016,145.9606016
Pseudocheirus_peregrinus,146.8315079,146.8315079,146.8315079,146.8315079,146.8315079,146.8315079,146.8315079,146.8315079,146.8315079,146.8315079,146.8315079,146.8315079,146.8315079,146.8315079,146.8315079,146.8315079,146.8315079,146.8315079,146.8315079,146.8315079,146.8315079,146.8315079,146.8315079,146.8315079,146.8315079
Setonix_brachyurus,134.6397189,134.6397189,134.6397189,134.6397189,134.6397189,134.6397189,134.6397189,134.6397189,134.6397189,134.6397189,134.6397189,134.6397189,134.6397189,134.6397189,134.6397189,134.6397189,134.6397189,134.6397189,134.6397189,134.6397189,134.6397189,134.6397189,134.6397189,134.6397189,134.6397189
Spilocuscus_maculatus,128.8427767,128.8427767,128.8427767,128.8427767,128.8427767,128.8427767,128.8427767,128.8427767,128.8427767,128.8427767,128.8427767,128.8427767,128.8427767,128.8427767,128.8427767,128.8427767,128.8427767,128.8427767,128.8427767,128.8427767,128.8427767,128.8427767,128.8427767,128.8427767,128.8427767
Thylacinus_cynocephalus,141.7216637,141.7216637,141.7216637,141.7216637,141.7216637,141.7216637,141.7216637,141.7216637,141.7216637,141.7216637,141.7216637,141.7216637,141.7216637,141.7216637,141.7216637,141.7216637,141.7216637,141.7216637,141.7216637,141.7216637,141.7216637,141.7216637,141.7216637,141.7216637,141.7216637
Thylogale_stigmatica,130.466056,130.466056,130.466056,130.466056,130.466056,130.466056,130.466056,130.466056,130.466056,130.466056,130.466056,130.466056,130.466056,130.466056,130.466056,130.466056,130.466056,130.466056,130.466056,130.466056,130.466056,130.466056,130.466056,130.466056,130.466056
Thylogale_thetis,123.4242032,123.4242032,123.4242032,123.4242032,123.4242032,123.4242032,123.4242032,123.4242032,123.4242032,123.4242032,123.4242032,123.4242032,123.4242032,123.4242032,123.4242032,123.4242032,123.4242032,123.4242032,123.4242032,123.4242032,123.4242032,123.4242032,123.4242032,123.4242032,123.4242032
Trichosurus_vulpecula,154.0158582,154.0158582,154.0158582,154.0158582,154.0158582,154.0158582,154.0158582,154.0158582,154.0158582,154.0158582,154.0158582,154.0158582,154.0158582,154.0158582,154.0158582,154.0158582,154.0158582,154.0158582,154.0158582,154.0158582,154.0158582,154.0158582,154.0158582,154.0158582,154.0158582
Wallabia_bicolor,142.9101958,142.9101958,142.9101958,142.9101958,142.9101958,142.9101958,142.9101958,142.9101958,142.9101958,142.9101958,142.9101958,142.9101958,142.9101958,142.9101958,142.9101958,142.9101958,142.9101958,142.9101958,142.9101958,142.9101958,142.9101958,142.9101958,142.9101958,142.9101958,142.9101958
'14',127.86236598727054,125.72391733751851,126.54310465144799,128.45428941376036,128.01939860309446,131.19915982461708,127.78027767192013,128.8731133271166,128.17302741638292,131.05718583126986,127.37372433242201,128.91735478998712,127.62456652520548,129.54934587731557,127.43955072298199,128.8744738067396,132.52624126758033,125.46937885013746,126.33963986423018,128.48350443649238,129.1689655599696,129.98421372702467,126.09381244039058,126.93635381541334,127.70497826335583
'25',145.10651908258154,143.03198733215538,142.88723467139525,143.00957387171275,144.41057986439395,145.3051031316305,145.8972884488821,142.41221636015248,143.96549286372553,143.2258883558593,141.4950351835003,134.27734507823027,143.04194461320273,140.51490384448138,142.15698385379514,139.8389703832961,139.10106349658673,142.34725671351464,140.9582013034199,142.21649879239223,139.14383708955413,146.21348096677877,142.01343442386937,147.2636285550319,139.5997419356684
'37',137.80734286361448,138.1727074699403,140.50410675977497,137.1814056466691,139.22936362333027,136.7513501359231,137.8008031684873,138.81128670751792,135.8896672471279,139.68138397717618,135.87305364464842,139.25162925538646,137.70155082925433,138.45200758617122,136.78929580597804,138.12102677561126,138.6033564878841,137.28213108048763,140.07892734514905,137.9125396997178,137.05087718915655,137.68817400176013,137.66763465685239,139.47638098231988,138.43581885154398
'36',138.4200187655977,135.8841965524039,135.85885695829188,133.56393393045957,135.55417490162478,132.95249533616052,137.74200242663898,134.67579353094695,131.84171214889926,139.75838917124864,132.66996562449725,138.8159907100303,136.36882172218455,137.43818121889643,134.92675331247744,136.09648710490933,135.59751322851866,133.6238223479309,134.43036835585835,137.95552878141476,134.17266603848796,134.17649741014105,131.63529914820478,137.80149956772632,135.62690661549686
'35',139.15681773802058,137.8291538986672,139.37411999139198,135.78727814836006,139.96809076435585,136.10887522725344,138.87770697818246,135.41621578113978,138.38314979843543,143.82506351744317,138.7924738354941,138.445300480913,137.69597395836217,136.92190974669867,134.57961107738876,139.21359223425787,134.41507284475347,138.05951539321595,135.09997567457015,139.52690526707798,137.7705144817094,135.0391415321079,137.33941535660512,139.6121179048121,137.5433230802783
'34',134.2595567430407,136.4811885553284,136.99751279077836,135.80899964693893,135.16399009686265,139.5857386161276,142.40024885595395,135.08573115341895,136.41404210683348,137.24816111977708,133.47385910233817,136.93169022581375,136.27922182638832,136.86924465675912,133.74520789732716,135.54175969371363,135.47793059803118,137.36590661381877,140.43571294290112,136.8878847012762,134.42651102419703,137.99709754274772,136.79913181612255,133.85909623867605,138.23374164125013
'33',142.5811652128931,142.11334321144676,141.19958443261362,141.49825419266958,142.4229853818896,142.47673201530552,138.99513325811643,143.04215057711195,141.36188238505437,139.61594713451788,140.84850116205567,144.42761188383534,141.52821716366464,139.02929064739442,141.19319092762117,141.64174987580034,140.40308186973482,142.22750586885903,140.102938945237,141.90667831927323,141.09028998772578,143.02270636975962,142.22508630876075,142.44571073048255,139.69747622651627
'51',139.68889252731896,139.72029803131161,137.76087767051442,136.84321846594807,139.36494176701467,141.7527421654517,139.26390993479913,140.1055754806443,137.6303208507718,138.34109402816844,138.5861593837977,140.70551671695276,138.6766072972815,136.08580830753402,138.57893720763747,138.16021612146815,137.40264247338536,141.97380986613248,134.8728791449087,135.56158598497962,137.74525979104885,137.8984313099678,140.99377496258964,139.71635058921345,137.84535306646248
'57',123.30184167367504,125.05013339233754,124.69665844601239,125.26812050491863,124.2938259625068,128.01509377138584,125.80507083521297,125.31041344998317,129.4412375735469,126.71002090377876,125.6202629897821,128.00713104726563,127.35258568420944,127.28418283878555,127.82889128261505,127.78555571836594,128.7655474395127,127.6395548659388,124.51213601357229,122.41756218344068,126.53715779441345,128.8365762876978,126.2885551743593,124.67797082288968,126.48851881780477
'56',127.25546810016718,126.4369813255875,127.79370117795489,126.11856980172938,126.32027017832885,127.69076889554812,124.21050046957015,126.9551459470767,128.36411576369065,125.26683656888761,126.31856172236182,127.30386723623813,123.16927996076087,126.4602302836154,130.18968068734407,128.08165384878117,124.12391658486784,127.15497078372147,128.85116286176148,126.37807389265873,126.5677427166244,128.93746055716636,127.88117824931516,128.26596031904003,128.92973321605442
'63',122.59443401355928,121.87308964731875,122.85791138887673,124.16401030295103,122.90659583280302,123.83740640706833,123.73031190903947,124.32846432968384,123.6961446340091,123.24287885264891,123.45516889021792,123.16678566705912,122.82843414930214,122.72469428750416,121.7750029558699,122.67795440848258,122.85327186252893,123.49637862428007,124.23067655427432,122.60604732138825,123.83440439296682,123.2447724909316,123.41283719446038,122.94729253985294,122.46171839249585
'73',134.89467335163647,138.3707684217251,137.44194988955593,136.5560665085062,135.99039003717036,137.37377377571408,135.95019566212952,137.2482735719152,136.55511084335942,136.6414137407357,136.3897151552814,136.9818922356837,136.73923523888573,136.75043306157514,136.60420354016404,135.1354755236899,135.73441374129635,137.5575976258193,136.9887414468302,136.96493926278407,137.20242541304506,137.07254001870115,136.65481482411673,137.0695101154475,136.40948303164276
'84',132.00778177785196,134.7578562740366,133.2600922686349,134.7457185801789,134.1899515933079,137.92993929478993,137.50188596344225,135.1326164952664,134.21375542360255,134.06149385291852,134.83258960570478,133.11941234164507,132.96395809793518,135.79907327817037,133.55171011494556,135.1641053024451,135.2353428573284,133.05646105449065,133.50206854402896,135.0451281915764,136.19122112304387,133.9710247213047,138.61411612528386,136.34846540560648,133.6631082797928
'82',125.67026988860057,127.12442658723408,127.01855279337552,127.78744224186262,128.24099135533535,128.03044427138605,127.85240429214518,128.8892994418416,129.18935921478982,127.2422126491855,128.2779059107697,127.6089866131229,126.95358137834147,129.21178373557254,126.56265613080933,129.22751487171092,127.44847969268244,127.73653927293589,127.98245023753586,128.22747527759978,127.04802304226531,127.91746163998214,128.65285147762273,126.85454731916394,127.5221628064504
'13',135.38644345846825,140.65507590758946,131.2483943729011,134.18564653736277,132.51920392480426,144.4551359770822,139.38090372165098,138.5074838272073,131.44902341794298,139.52256578432124,130.0593345815972,136.47165761906896,133.18681239601605,130.31424578150455,131.33066117728114,132.96742845563267,130.0295564700279,132.79764320253318,133.10014850936267,131.48500915034995,135.1602602351645,136.72599129633733,138.27117474867575,134.9957945650669,140.31723909861148
'43',133.5840512931163,135.93648854951724,137.5329043223314,135.16958737348497,135.06310045433835,137.76423095223953,142.57712879509796,134.20998322274937,135.8814390490271,137.90147815106312,133.37914953756498,137.61785464447948,136.36744610883707,136.20093436814852,133.90624127048756,135.43935658316434,136.16437759713986,136.2974472850212,141.2484209972639,135.66514408564313,133.96936127092636,137.70643277786442,136.26820756190963,133.6561258517426,137.82424497323407
'50',138.78508905322994,138.6263622080883,137.18149522201094,137.39848906180043,139.18902373075142,140.39273229663772,138.24795362118843,139.03990136702592,136.3813588993313,137.00745250548707,139.40854960966917,137.02613785392543,137.91464342883563,136.39808951338722,137.21403583556685,136.52262197753126,135.60712410354122,139.01977312092532,133.8658457689059,133.98197046877956,134.42439363616523,137.15618083880778,139.8310141915572,138.05382556608825,135.02930468917802
'48',128.69597604773244,127.75542255301905,131.65430803689088,128.75774350771206,129.65413327184598,128.84891423192693,127.17132046123018,131.26990854725778,131.3469357922992,125.67590316956218,128.69651350155635,129.4556498699026,126.1928796729947,129.43250946310008,132.52397567143987,131.56799545555677,128.04281084753202,127.63827586582303,131.02528072889598,130.91015667892466,129.7187383634678,130.89627839791618,130.73186689043214,131.20369528665833,130.312624029313
'47',128.13284178728196,126.29147095353608,127.31361220245694,130.08776963064588,128.95301137653888,129.72588170401463,128.18842935943087,129.32338808714064,128.372944253601,128.6177479059447,127.62430182760144,129.26537226269775,128.12012220725563,127.86194247131445,128.2998661333553,128.22426139789408,127.51034067594371,127.29320574505537,128.56478230910415,128.8310402407831,127.69836480223088,126.80215296618736,130.0300629068771,129.68671778666976,128.27667159260372
'49',138.78508905322994,138.6263622080883,137.18149522201094,137.39848906180043,139.18902373075142,140.39273229663772,138.24795362118843,139.03990136702592,136.3813588993313,137.00745250548707,139.40854960966917,137.02613785392543,137.91464342883563,136.39808951338722,137.21403583556685,136.52262197753126,135.60712410354122,139.01977312092532,133.8658457689059,133.98197046877956,134.42439363616523,137.15618083880778,139.8310141915572,138.05382556608825,135.02930468917802
'68',128.7186072308091,128.13240833156578,130.31852896717717,128.03723464375827,128.29187781404946,128.7793140621529,126.87876437007415,129.8692348912642,130.2015161193062,125.86705579323996,128.97544422183873,131.66243928768327,126.86701231361396,130.4397998212884,130.7180399453061,130.8429792037408,126.98687763310687,127.5228031586626,131.14233126386637,129.06387271639844,128.2268215458837,131.18955540134374,129.5814786167932,132.2334247087769,129.66109242132947
'60',131.30042283583018,132.81759169482262,133.77934028758517,133.1126769972947,132.96163147376254,135.17315004988222,133.15995927528914,133.63969070723329,133.22411463775936,132.41088726558152,133.89708112551781,133.91716509894673,133.7148966072582,132.63809927315694,133.3898210710032,133.8226463563646,133.24879802120105,133.88156638524669,130.4517128200617,128.3192251415429,131.77298673144963,133.75995143442324,134.25743847869416,133.19863112006013,130.92034932813706
'72',129.34653849557188,127.62512768623411,131.58290830283917,128.56822145584144,128.74580935921063,130.4319782786623,126.88723732333317,129.69674790340417,131.16676699978504,126.86268270981427,129.7306411187847,132.60234144139397,128.45442409494072,130.1938859300131,132.11082016961362,130.58379223141665,128.2022255608205,127.40756879844301,130.8440156286454,130.08336916355555,130.22273952916768,132.53455867565313,130.15341759457485,132.11501456777611,129.25609643674153
'87',128.52998221358112,127.9073112302563,131.5495335518272,129.74425497574134,129.76554447294214,134.02513404967843,129.83921265679865,131.45975193320066,131.34915163957848,128.48704552754072,129.74623638746723,133.50435829089025,129.85980437881398,132.2583271900359,132.2827353319593,131.37140743099474,128.34497962167697,127.99537698031936,131.69981298567208,131.39748130610138,131.57174309927586,131.94588615209224,130.74979781967699,132.05618633562534,128.84559510926772
'83',128.9606675623325,128.7814465618845,132.8985386198938,131.33725452566574,128.4344716349827,134.39618937656095,129.72995173427262,132.27677483880632,131.23760298495165,129.1022001117754,130.12996698346416,131.81052619576502,130.08433228367502,132.5956669602316,132.18877167907308,131.88012260449267,128.6342746222727,129.69965329531757,131.83113512539765,131.3929735562483,132.03942367349012,132.5470326697771,130.07122152589483,131.23848262723817,128.12855437696447
'80',128.9606675623325,128.7814465618845,132.8985386198938,131.33725452566574,128.4344716349827,134.39618937656095,129.72995173427262,132.27677483880632,131.23760298495165,129.1022001117754,130.12996698346416,131.81052619576502,130.08433228367502,132.5956669602316,132.18877167907308,131.88012260449267,128.6342746222727,129.69965329531757,131.83113512539765,131.3929735562483,132.03942367349012,132.5470326697771,130.07122152589483,131.23848262723817,128.12855437696447
'79',130.06862230908297,131.30205764645385,133.2636489829349,132.66602189935404,130.34295431218058,134.685245340893,132.32227295136056,133.4649500811447,133.2039790234014,131.03491878719444,132.47499410965784,133.35353840813312,131.7922815999502,132.7434431614595,132.84290454177838,133.03068761848138,131.66468652922768,132.5822827029449,131.85081922080397,129.86040102345058,131.8162778759115,132.84557097620115,132.96436980550737,132.02582225158525,129.46921447153548
'94',131.22444564903662,132.6216898258036,133.93935056558462,134.2309543394829,131.94642419184166,135.64591287237954,134.17069189988175,134.7901933336278,134.95292040860724,131.550330107938,132.9736334421164,132.88007784533292,132.3386706069643,134.90702518509215,134.58486003924185,135.50452364578837,133.39521406753158,133.35935139078143,132.34105211339897,131.2962925516352,133.8803980436641,133.69456473413013,133.1878131486052,132.3364821573118,130.59218242468964
'92',129.62302728994644,132.42097045386413,133.34545270628743,135.07799437127855,137.77083763401757,138.2934829220217,141.7543954402172,133.0333021106819,137.2442780426083,136.45968212644593,135.14314602490828,131.15058080254485,135.83573447092982,139.49265151222306,130.38876765427494,138.15043276590777,132.48094403169202,132.2752603690209,137.70260058070951,132.31213009295305,134.3000643616963,129.42704482650234,137.47520068900906,135.4249197526817,133.9525842211514
'78',130.99489569405029,135.24799766072073,134.7329086246642,134.29103953628723,139.21392674151932,134.06484077716868,137.59323198290215,133.47996016291853,138.2323317570547,137.92010736518444,134.0189125281692,133.23243571301828,136.20192901059775,138.87761339057985,133.0753469326275,140.1296117196502,130.3249843892777,133.349861711581,137.58885119129278,134.63744903190846,135.08584019310996,130.63243341856247,137.3481675781329,136.41549733150126,135.30472385396206
'98',130.3886889106679,138.7551391632225,136.4133669175271,142.23878694750974,142.74139698247382,136.1332352649916,139.55639139978865,140.39157595181038,140.79643995995275,143.39410566514118,137.40758361008557,136.30637615855872,138.6019593177526,143.43680119116914,139.63554112166062,139.6412020270251,136.30742431970097,139.1980525647253,136.89275569679214,136.57832924629375,139.81039094603977,139.89779266415448,136.05072115088228,134.6448192368157,138.8830147014997
'97',135.0286381629563,138.6268988604388,141.36616321888195,139.909411250054,141.1075261723762,138.13143882168058,142.2063772924746,140.34773851153477,145.04582039448542,144.58730183260303,137.48354365994695,138.59472827884957,139.15694104888254,139.6336947495225,142.67528967977464,139.3525918448659,132.7684044676559,138.6590531339465,138.73150345912617,138.14063954150444,138.44931082381524,142.26188880433324,139.49754296246059,139.17456423341488,136.87907070651426
'77',136.8995987024644,139.4782878413294,141.0385459443867,139.7793092581323,138.75158998085888,139.81089746608126,145.10272508655314,140.99220869200525,144.93022353050915,145.5662247972184,136.48731910221218,140.72952300623066,140.30529756309917,138.58975373237342,143.34865423115852,140.4646494149972,132.5185060716769,137.72606057044038,139.1452511729445,136.8942704761084,141.56978417888072,141.09167098801632,139.65464936098323,140.24866845388678,138.52339626143922
Node 69,137.75025214958657,139.53999129097116,137.94698596286037,140.88269920773956,137.70414846197747,138.6731327851988,145.0315899415808,138.55541573783955,137.81121402893757,143.0475773955088,131.9118065667376,141.85161161668898,135.3535854664248,139.7284505828089,136.5510647043243,136.29610409893775,131.73599038405467,134.63670670908706,135.61213939667758,133.20319442110048,143.59279080132018,137.0462098386699,133.24950576610365,137.00493237127742,135.70309883041423
