Species,51,52,53,54,55,56,57,58,59,510,511,512,513,514,515,516,517,518,519,520,521,522,523,524,525
Aepyprymnus_rufescens,30.43863969,30.43863969,30.43863969,30.43863969,30.43863969,30.43863969,30.43863969,30.43863969,30.43863969,30.43863969,30.43863969,30.43863969,30.43863969,30.43863969,30.43863969,30.43863969,30.43863969,30.43863969,30.43863969,30.43863969,30.43863969,30.43863969,30.43863969,30.43863969,30.43863969
Bettongia_penicillata,7.610737064,7.610737064,7.610737064,7.610737064,7.610737064,7.610737064,7.610737064,7.610737064,7.610737064,7.610737064,7.610737064,7.610737064,7.610737064,7.610737064,7.610737064,7.610737064,7.610737064,7.610737064,7.610737064,7.610737064,7.610737064,7.610737064,7.610737064,7.610737064,7.610737064
Bettongia_tropica,10.51955404,10.51955404,10.51955404,10.51955404,10.51955404,10.51955404,10.51955404,10.51955404,10.51955404,10.51955404,10.51955404,10.51955404,10.51955404,10.51955404,10.51955404,10.51955404,10.51955404,10.51955404,10.51955404,10.51955404,10.51955404,10.51955404,10.51955404,10.51955404,10.51955404
Dasyurus_maculatus,12.7923519,12.7923519,12.7923519,12.7923519,12.7923519,12.7923519,12.7923519,12.7923519,12.7923519,12.7923519,12.7923519,12.7923519,12.7923519,12.7923519,12.7923519,12.7923519,12.7923519,12.7923519,12.7923519,12.7923519,12.7923519,12.7923519,12.7923519,12.7923519,12.7923519
Dasyurus_viverrinus,10.863089,10.863089,10.863089,10.863089,10.863089,10.863089,10.863089,10.863089,10.863089,10.863089,10.863089,10.863089,10.863089,10.863089,10.863089,10.863089,10.863089,10.863089,10.863089,10.863089,10.863089,10.863089,10.863089,10.863089,10.863089
Dendrolagus_bennettianus,37.20547945,37.20547945,37.20547945,37.20547945,37.20547945,37.20547945,37.20547945,37.20547945,37.20547945,37.20547945,37.20547945,37.20547945,37.20547945,37.20547945,37.20547945,37.20547945,37.20547945,37.20547945,37.20547945,37.20547945,37.20547945,37.20547945,37.20547945,37.20547945,37.20547945
Dendrolagus_goodfellowi,31.64544644,31.64544644,31.64544644,31.64544644,31.64544644,31.64544644,31.64544644,31.64544644,31.64544644,31.64544644,31.64544644,31.64544644,31.64544644,31.64544644,31.64544644,31.64544644,31.64544644,31.64544644,31.64544644,31.64544644,31.64544644,31.64544644,31.64544644,31.64544644,31.64544644
Dendrolagus_lumholtzi,9.422770698,9.422770698,9.422770698,9.422770698,9.422770698,9.422770698,9.422770698,9.422770698,9.422770698,9.422770698,9.422770698,9.422770698,9.422770698,9.422770698,9.422770698,9.422770698,9.422770698,9.422770698,9.422770698,9.422770698,9.422770698,9.422770698,9.422770698,9.422770698,9.422770698
Dendrolagus_matschiei,44.46217524,44.46217524,44.46217524,44.46217524,44.46217524,44.46217524,44.46217524,44.46217524,44.46217524,44.46217524,44.46217524,44.46217524,44.46217524,44.46217524,44.46217524,44.46217524,44.46217524,44.46217524,44.46217524,44.46217524,44.46217524,44.46217524,44.46217524,44.46217524,44.46217524
Dorcopsulus_vanheurni,21.51770285,21.51770285,21.51770285,21.51770285,21.51770285,21.51770285,21.51770285,21.51770285,21.51770285,21.51770285,21.51770285,21.51770285,21.51770285,21.51770285,21.51770285,21.51770285,21.51770285,21.51770285,21.51770285,21.51770285,21.51770285,21.51770285,21.51770285,21.51770285,21.51770285
Hypsiprymnodon_moschatus,70.4600936,70.4600936,70.4600936,70.4600936,70.4600936,70.4600936,70.4600936,70.4600936,70.4600936,70.4600936,70.4600936,70.4600936,70.4600936,70.4600936,70.4600936,70.4600936,70.4600936,70.4600936,70.4600936,70.4600936,70.4600936,70.4600936,70.4600936,70.4600936,70.4600936
Lagorchestes_conspicillatus,10.51955404,10.51955404,10.51955404,10.51955404,10.51955404,10.51955404,10.51955404,10.51955404,10.51955404,10.51955404,10.51955404,10.51955404,10.51955404,10.51955404,10.51955404,10.51955404,10.51955404,10.51955404,10.51955404,10.51955404,10.51955404,10.51955404,10.51955404,10.51955404,10.51955404
Lagorchestes_hirsutus,70.4600936,70.4600936,70.4600936,70.4600936,70.4600936,70.4600936,70.4600936,70.4600936,70.4600936,70.4600936,70.4600936,70.4600936,70.4600936,70.4600936,70.4600936,70.4600936,70.4600936,70.4600936,70.4600936,70.4600936,70.4600936,70.4600936,70.4600936,70.4600936,70.4600936
Lagostrophus_fasciatus,11.02593258,11.02593258,11.02593258,11.02593258,11.02593258,11.02593258,11.02593258,11.02593258,11.02593258,11.02593258,11.02593258,11.02593258,11.02593258,11.02593258,11.02593258,11.02593258,11.02593258,11.02593258,11.02593258,11.02593258,11.02593258,11.02593258,11.02593258,11.02593258,11.02593258
Macropus_fuliginosus,70.4600936,70.4600936,70.4600936,70.4600936,70.4600936,70.4600936,70.4600936,70.4600936,70.4600936,70.4600936,70.4600936,70.4600936,70.4600936,70.4600936,70.4600936,70.4600936,70.4600936,70.4600936,70.4600936,70.4600936,70.4600936,70.4600936,70.4600936,70.4600936,70.4600936
Macropus_giganteus,50.57585031,50.57585031,50.57585031,50.57585031,50.57585031,50.57585031,50.57585031,50.57585031,50.57585031,50.57585031,50.57585031,50.57585031,50.57585031,50.57585031,50.57585031,50.57585031,50.57585031,50.57585031,50.57585031,50.57585031,50.57585031,50.57585031,50.57585031,50.57585031,50.57585031
Notamacropus_agilis,70.39120113,70.39120113,70.39120113,70.39120113,70.39120113,70.39120113,70.39120113,70.39120113,70.39120113,70.39120113,70.39120113,70.39120113,70.39120113,70.39120113,70.39120113,70.39120113,70.39120113,70.39120113,70.39120113,70.39120113,70.39120113,70.39120113,70.39120113,70.39120113,70.39120113
Notamacropus_irma,26.64354287,26.64354287,26.64354287,26.64354287,26.64354287,26.64354287,26.64354287,26.64354287,26.64354287,26.64354287,26.64354287,26.64354287,26.64354287,26.64354287,26.64354287,26.64354287,26.64354287,26.64354287,26.64354287,26.64354287,26.64354287,26.64354287,26.64354287,26.64354287,26.64354287
Onychogalea_fraenata,19.49965092,19.49965092,19.49965092,19.49965092,19.49965092,19.49965092,19.49965092,19.49965092,19.49965092,19.49965092,19.49965092,19.49965092,19.49965092,19.49965092,19.49965092,19.49965092,19.49965092,19.49965092,19.49965092,19.49965092,19.49965092,19.49965092,19.49965092,19.49965092,19.49965092
Onychogalea_unguifera,50.57585031,50.57585031,50.57585031,50.57585031,50.57585031,50.57585031,50.57585031,50.57585031,50.57585031,50.57585031,50.57585031,50.57585031,50.57585031,50.57585031,50.57585031,50.57585031,50.57585031,50.57585031,50.57585031,50.57585031,50.57585031,50.57585031,50.57585031,50.57585031,50.57585031
Osphranter_antilopinus,63.61938471,63.61938471,63.61938471,63.61938471,63.61938471,63.61938471,63.61938471,63.61938471,63.61938471,63.61938471,63.61938471,63.61938471,63.61938471,63.61938471,63.61938471,63.61938471,63.61938471,63.61938471,63.61938471,63.61938471,63.61938471,63.61938471,63.61938471,63.61938471,63.61938471
Osphranter_robustus,10.51955404,10.51955404,10.51955404,10.51955404,10.51955404,10.51955404,10.51955404,10.51955404,10.51955404,10.51955404,10.51955404,10.51955404,10.51955404,10.51955404,10.51955404,10.51955404,10.51955404,10.51955404,10.51955404,10.51955404,10.51955404,10.51955404,10.51955404,10.51955404,10.51955404
Osphranter_rufus,10.51955404,10.51955404,10.51955404,10.51955404,10.51955404,10.51955404,10.51955404,10.51955404,10.51955404,10.51955404,10.51955404,10.51955404,10.51955404,10.51955404,10.51955404,10.51955404,10.51955404,10.51955404,10.51955404,10.51955404,10.51955404,10.51955404,10.51955404,10.51955404,10.51955404
Petrogale_brachyotis,62.11081076,62.11081076,62.11081076,62.11081076,62.11081076,62.11081076,62.11081076,62.11081076,62.11081076,62.11081076,62.11081076,62.11081076,62.11081076,62.11081076,62.11081076,62.11081076,62.11081076,62.11081076,62.11081076,62.11081076,62.11081076,62.11081076,62.11081076,62.11081076,62.11081076
Petrogale_penicillata,21.62931909,21.62931909,21.62931909,21.62931909,21.62931909,21.62931909,21.62931909,21.62931909,21.62931909,21.62931909,21.62931909,21.62931909,21.62931909,21.62931909,21.62931909,21.62931909,21.62931909,21.62931909,21.62931909,21.62931909,21.62931909,21.62931909,21.62931909,21.62931909,21.62931909
Petrogale_persephone,31.40449769,31.40449769,31.40449769,31.40449769,31.40449769,31.40449769,31.40449769,31.40449769,31.40449769,31.40449769,31.40449769,31.40449769,31.40449769,31.40449769,31.40449769,31.40449769,31.40449769,31.40449769,31.40449769,31.40449769,31.40449769,31.40449769,31.40449769,31.40449769,31.40449769
Potorous_tridactylus,13.14774321,13.14774321,13.14774321,13.14774321,13.14774321,13.14774321,13.14774321,13.14774321,13.14774321,13.14774321,13.14774321,13.14774321,13.14774321,13.14774321,13.14774321,13.14774321,13.14774321,13.14774321,13.14774321,13.14774321,13.14774321,13.14774321,13.14774321,13.14774321,13.14774321
Pseudocheirus_peregrinus,62.11081076,62.11081076,62.11081076,62.11081076,62.11081076,62.11081076,62.11081076,62.11081076,62.11081076,62.11081076,62.11081076,62.11081076,62.11081076,62.11081076,62.11081076,62.11081076,62.11081076,62.11081076,62.11081076,62.11081076,62.11081076,62.11081076,62.11081076,62.11081076,62.11081076
Setonix_brachyurus,16.04660949,16.04660949,16.04660949,16.04660949,16.04660949,16.04660949,16.04660949,16.04660949,16.04660949,16.04660949,16.04660949,16.04660949,16.04660949,16.04660949,16.04660949,16.04660949,16.04660949,16.04660949,16.04660949,16.04660949,16.04660949,16.04660949,16.04660949,16.04660949,16.04660949
Spilocuscus_maculatus,22.2259888,22.2259888,22.2259888,22.2259888,22.2259888,22.2259888,22.2259888,22.2259888,22.2259888,22.2259888,22.2259888,22.2259888,22.2259888,22.2259888,22.2259888,22.2259888,22.2259888,22.2259888,22.2259888,22.2259888,22.2259888,22.2259888,22.2259888,22.2259888,22.2259888
Thylacinus_cynocephalus,25.35484528,25.35484528,25.35484528,25.35484528,25.35484528,25.35484528,25.35484528,25.35484528,25.35484528,25.35484528,25.35484528,25.35484528,25.35484528,25.35484528,25.35484528,25.35484528,25.35484528,25.35484528,25.35484528,25.35484528,25.35484528,25.35484528,25.35484528,25.35484528,25.35484528
Thylogale_stigmatica,33.33918538,33.33918538,33.33918538,33.33918538,33.33918538,33.33918538,33.33918538,33.33918538,33.33918538,33.33918538,33.33918538,33.33918538,33.33918538,33.33918538,33.33918538,33.33918538,33.33918538,33.33918538,33.33918538,33.33918538,33.33918538,33.33918538,33.33918538,33.33918538,33.33918538
Thylogale_thetis,35.25771617,35.25771617,35.25771617,35.25771617,35.25771617,35.25771617,35.25771617,35.25771617,35.25771617,35.25771617,35.25771617,35.25771617,35.25771617,35.25771617,35.25771617,35.25771617,35.25771617,35.25771617,35.25771617,35.25771617,35.25771617,35.25771617,35.25771617,35.25771617,35.25771617
Trichosurus_vulpecula,14.57858858,14.57858858,14.57858858,14.57858858,14.57858858,14.57858858,14.57858858,14.57858858,14.57858858,14.57858858,14.57858858,14.57858858,14.57858858,14.57858858,14.57858858,14.57858858,14.57858858,14.57858858,14.57858858,14.57858858,14.57858858,14.57858858,14.57858858,14.57858858,14.57858858
Wallabia_bicolor,31.42273096,31.42273096,31.42273096,31.42273096,31.42273096,31.42273096,31.42273096,31.42273096,31.42273096,31.42273096,31.42273096,31.42273096,31.42273096,31.42273096,31.42273096,31.42273096,31.42273096,31.42273096,31.42273096,31.42273096,31.42273096,31.42273096,31.42273096,31.42273096,31.42273096
'14',12.663113091912823,13.44468392330985,12.462463667738412,9.134506326205276,11.554493479892452,11.464435262595837,14.499436033902654,9.291105770250173,14.51955769913393,10.937114025005638,11.925461567997152,11.23513931035113,9.06722952791137,14.951273274994115,13.214149802947098,12.095505372553582,10.61150423409802,11.053146530841248,9.29773981115078,9.998630755553396,13.073515666994146,10.908521728224322,14.43805265645127,11.178924578988019,12.607965634308597
'25',12.749327300114897,20.965834851760757,20.61561982358202,18.553758308667803,21.01249837442591,18.631325900737437,18.425977701418788,19.259360508924875,18.41126475267564,15.702449818160947,20.374104399939686,20.944044718973398,14.682982669510267,15.290951128164542,20.49942873948462,18.4612120880979,11.658377519283132,18.78467120380764,17.879725111289677,19.30010218721298,12.293415914134355,12.337835789939591,15.061757251916147,19.46183208649315,16.692311942915104
'37',9.437075180651277,8.888360019961436,9.192284609905455,6.186009026889581,9.252914432722351,7.386825317400852,7.180302408884894,9.468150100199706,10.093789706511952,7.433752676723701,8.437038936120418,9.002121928311668,10.200462578492127,12.016884313493788,6.104746052359412,11.739402168384661,7.959108282777075,10.287575389732726,6.98338272554172,8.322542783445536,8.472967835253284,9.077267970050093,10.49985902971732,6.521356291687807,6.737410434486301
'36',19.126201825829895,22.734129356188607,18.256937241076102,14.889568026171945,18.238961661711183,11.061117017404095,15.105461431184471,18.263338704265575,17.56340566994628,14.511978193788222,14.696671734225447,16.72242099022832,16.285962856411576,19.78169153976655,16.45020799351221,18.3285295725722,20.629303627902615,20.348586302144298,15.326960023648551,18.35507264170546,15.344175411734735,15.54846394280404,17.736834437648568,16.985418049503068,16.972374348269792
'35',17.66144533257848,21.201812814610125,15.861670722306208,16.918958801431565,21.316975254921736,10.043523814381517,15.019500284940671,17.009597445952956,15.460672028310492,16.970613614343097,13.79286340529393,11.23840210861957,13.678599266969167,18.353176262284578,13.764707718380695,17.89079628790276,14.432536551904152,18.66130831795542,15.38288211069303,17.64846308710071,16.36805056256422,16.448913833761054,16.86136290130778,20.22888499430412,13.797645211109675
'34',27.340335536128396,23.74204419037256,27.887360406096647,28.20376230024625,27.948258611659153,26.075606731674824,29.763806653707388,23.470558310914903,25.316921181026874,27.4193097696234,25.875509502083847,25.373741290898955,27.064456523498873,21.91993169126526,30.759621839608176,22.910072685013493,27.101824232489026,26.08684040023254,25.289551194430995,28.31442087017316,24.429413444029954,27.11880556867442,26.150257798175065,28.065899201937043,24.34085310541369
'33',37.206607916473644,39.232887776519775,36.62345166296004,35.958443639602315,36.85719687948573,37.706932154939366,38.21789692349796,39.610672031229434,38.83702224738861,39.35583239281407,36.6873929412904,39.4331580774344,36.82987635589143,40.17238124713275,36.72914360108493,38.03055236592735,35.88605957130752,38.34684050319478,35.72683925841699,38.40757246716205,35.911340292845246,38.05653254390735,40.289010494889624,36.176263465537076,36.322841313713326
'51',29.37406264306388,28.43268569252715,26.919102050222918,30.004366821087068,29.748231879710726,29.341859344683158,27.70779984482984,26.682174719510453,28.771619263473713,30.48520349675037,24.766257352415032,27.617463131201063,27.70863208696345,30.091073240235417,27.276550885468787,26.85490376017578,26.87601516232149,25.221702550446217,24.641397889510493,29.225960647184163,27.89801176300577,31.53431928004218,28.029932301186054,26.248057319056194,25.273103508051545
'57',34.78391529146528,32.63242854437512,30.146924075596587,35.57157395373462,31.58748683665775,34.35582443160935,34.49486043821819,39.620745704729174,37.25200622444476,35.059648194144295,32.35445689692385,34.05705156338786,28.40026309261209,33.27913508354262,33.01965533990843,36.888762881083665,33.549797360997225,36.01299556911491,33.5284357245104,35.84432353358746,33.77426750972136,32.08198379500782,31.265250185150027,36.02675060162393,35.50916566749958
'56',49.27779168728022,45.79955619364641,47.095616088822695,47.89472110021603,47.76726437455756,47.69900337715417,50.693256060967066,46.733756036195885,45.99946008481336,47.197414395115196,48.0649710420282,46.32728632480008,49.84743535154673,47.720914342277446,48.54128179357623,46.490089684704955,52.04905757175165,47.857164000927675,49.31470245930871,48.26105485820775,46.53444162839153,49.276669967915495,46.50136686082306,47.06712654603148,48.89092545412091
'63',37.98473268542397,36.118147914004126,37.59320912012956,36.846160016403665,38.1184364891264,36.19573883152646,37.16549272656106,36.36592837572152,38.783000933327266,37.185946902945524,38.16661613640577,37.004881381318555,37.05415172704731,36.65182551257044,36.655045812349,37.6137904157069,35.596410414549034,37.47190168767315,38.59967681986769,37.14244162307876,38.083453260618384,37.64226119800248,37.71273168974457,37.99680597048106,36.709379382533385
'73',60.58957629067577,59.90382620399864,61.43054258919242,57.5204613581332,60.694101054059466,60.53241040969031,60.32721971611934,59.970398548930774,59.31966090552646,60.79420274206658,58.15855806057742,60.22855910505489,60.31989337735499,62.04150127616111,59.19535789794191,59.552261793132274,61.29018710444365,60.87921217557661,64.29227032485615,60.45800809577552,59.52609021993579,61.502407482712584,62.56234539390301,60.04704013212923,59.96003632959108
'84',40.021263691778294,40.59509666323964,40.614340892487554,41.483814572708496,40.289960482995106,39.48309618638234,40.606033976486316,42.0330567699758,39.22982393965371,39.92396555286586,38.45904403716469,39.249570145682526,40.340344662889464,40.30495732850575,42.540202178568016,40.00800956909786,40.37596484917206,39.46449278020751,39.214790233699105,40.5043055413903,40.40797412469704,39.46026961077726,41.30977716045412,41.368998618053475,37.671088136054465
'82',35.75100506316037,34.63027095155448,35.26523917595551,34.19547545459101,35.069892996029914,34.92759141081168,34.717275973325485,34.10865726380687,34.680507403306336,34.81545122407806,35.17771131907251,33.14947275796277,34.096200025210415,35.7288280037945,36.18059371512045,34.53528630974602,34.082768775563004,35.48550575010925,34.49350615519011,32.8763048191324,34.96482303977607,33.63354938695875,35.75651918328998,36.91538923780283,35.26952329283334
'13',23.927181260735505,22.766799483927215,26.93007051134471,14.686963925214298,15.602459384048341,20.03112165332269,16.369223892587893,18.017057269284614,20.459087678423924,15.001056596342119,11.54293031082679,12.475192489168602,13.672922782978716,17.95657785117376,13.356230076341697,10.735275842625544,17.114352330216143,17.177946940712236,12.982855999586334,18.731709144645855,22.79373363792492,25.201044634624836,14.857371740585265,9.215304362777612,14.449868937766027
'43',29.576477940018076,25.512747683002374,30.462425733670443,30.573641401157047,30.489448583789684,28.731139972785805,32.79167710650992,26.508577854532845,27.754589776014885,29.50661803014813,28.294916727638252,27.056634305838852,29.308250458222975,25.47006151968336,33.63119610728386,25.459509056174642,30.59125025936551,28.37431780868118,27.040075761951282,30.992291296526613,27.85497311211881,29.638844146309808,28.118784279246206,29.370611017759675,26.50345349051466
'50',29.009426848696975,30.08983022497998,28.14318159765329,31.49246969212093,29.550061882690187,29.727896217983048,30.080847036968724,28.006269554315388,30.992854644581715,30.775311136505017,25.95347499722648,27.964165040323845,28.770195322828272,31.79724326783189,27.974516717311776,27.664661901359374,27.819283173344733,24.40042640913793,25.72226036316065,31.10590530916475,30.893355960181175,30.593906360675884,29.69238780390454,27.55879447230613,27.005520475408407
'48',46.46160708659786,44.0540987495273,44.33678341246711,43.23217028913249,47.408813661028816,44.63754787399242,48.93387876416943,43.81165613139228,42.19317531844842,43.68674351137537,44.89717818750192,44.36082324572056,46.71601822520306,45.04245463127899,45.51620877227804,44.90105482462308,48.647041355881456,47.17123588485964,45.0471173631016,45.559441724315086,44.48902514882755,45.9695092796672,43.132136324813374,46.42425961579363,45.65317980234713
'47',30.189301887172846,29.71374046442313,31.058457019357014,30.26137160017426,31.129711167304215,28.491558241035904,29.704075626194168,31.367657133795323,32.540258872920326,29.34986337662983,30.411402601227046,31.241951242595974,31.44034415209506,29.292206880973765,29.93288342082547,32.16394501975554,29.800978245702957,30.261265281283542,30.051039104551617,30.50828542555977,31.20302498702927,30.209375169430608,31.0322631387783,30.520854505357992,28.82735996047211
'49',29.009426848696975,30.08983022497998,28.14318159765329,31.49246969212093,29.550061882690187,29.727896217983048,30.080847036968724,28.006269554315388,30.992854644581715,30.775311136505017,25.95347499722648,27.964165040323845,28.770195322828272,31.79724326783189,27.974516717311776,27.664661901359374,27.819283173344733,24.40042640913793,25.72226036316065,31.10590530916475,30.893355960181175,30.593906360675884,29.69238780390454,27.55879447230613,27.005520475408407
'68',43.08521948241166,40.97098320685682,42.79617979144096,40.97490945363836,45.1482651780917,41.71957361843577,45.511284752593,41.03927709787063,39.77350798591441,40.344991602392035,42.17962828641668,42.624080739127294,44.16651343167887,43.09753534359981,43.092594758844236,42.452830195971536,45.29304294955776,44.591592541182806,43.56380527621335,42.22039528487229,41.391060438541544,43.94819243777593,39.70335219673333,42.11495562983224,40.871924464947654
'60',30.71358674644209,31.40079766805441,29.08575152041457,33.21733881392151,30.327746528517416,30.373832082076817,31.677455785895756,31.7924902783315,34.1662921611844,31.3700540749573,27.469776033255247,30.825946939049988,27.986643234469746,32.92637271317282,30.297918598837793,31.4327963508889,29.270449159011456,28.856185158594595,28.52112585129066,32.09135228507625,31.864680699491522,30.173450777684344,31.185737424645037,30.937846828718072,30.86669938377735
'72',44.70636500324224,43.54352389240793,43.483613285876125,42.62717440896522,46.908694894742965,42.90220606619011,46.71432422655716,42.53696662842338,41.769129344044586,41.86998277408675,43.150346407541264,43.63441005950406,45.54217866297784,45.2293069936237,44.179572209481975,43.73119410753092,46.32444322123674,46.90613557810433,45.923426417939815,43.75753500142353,43.12993403200021,46.901669259661084,41.26391038277009,44.238313399917814,42.49307625439256
'87',44.485548804173575,43.21238847507025,43.11793537668748,42.72904327295544,44.529697562228705,42.065988849961734,46.27968119795281,41.27308453248031,41.91963586874736,40.52006451143921,43.296928077724026,43.2543870954219,45.495859353031335,45.20873436390909,44.3737612560183,43.93389429632526,45.15986907179104,43.556668579027004,46.06379441061348,43.70157442102872,43.67091851087024,43.81435704731275,40.43737970476137,43.70124343929247,42.00323396628851
'83',41.827423001662304,41.26340636427424,42.386560173514994,41.56717898909989,42.79089810529174,41.84073014859828,44.799557786188004,39.430451689124894,40.60240221017697,39.75184891173726,41.10867680786946,41.70734122770154,43.33938533729605,44.246163984316766,42.81246744581074,41.33226972577524,44.59579550558429,43.97473211563498,44.542942737905044,44.08882700181055,42.370063088473785,42.84662539240942,38.80204329577371,42.84604595335403,41.09406209815702
'80',41.827423001662304,41.26340636427424,42.386560173514994,41.56717898909989,42.79089810529174,41.84073014859828,44.799557786188004,39.430451689124894,40.60240221017697,39.75184891173726,41.10867680786946,41.70734122770154,43.33938533729605,44.246163984316766,42.81246744581074,41.33226972577524,44.59579550558429,43.97473211563498,44.542942737905044,44.08882700181055,42.370063088473785,42.84662539240942,38.80204329577371,42.84604595335403,41.09406209815702
'79',35.75751949659223,35.113816608990746,34.858337747627345,36.780887408960105,35.7750562689943,35.177929939992,36.2842582287056,35.7259259931749,36.88093680340474,35.248508459378144,33.670143433381654,34.76970322107033,33.50545784248462,37.35203745366767,35.393207224703254,36.48509451468797,35.50270336918838,34.83824196298826,34.89143030487796,37.42180897158127,36.522341545167585,35.31107104141756,34.96001246564978,36.392649229050235,35.19345845707969
'94',34.804875181871914,33.823243280870024,34.26096506271204,34.67207026561031,35.22229191626791,35.794284071871914,34.53121658618533,34.59951177307241,35.84959058434578,34.0508400001889,31.263224058292437,31.668279632700038,31.53933790327789,35.26265661427218,34.741505297566874,34.63381823199106,34.523333529002784,32.357748766179796,33.816081984909054,36.90787636766748,35.443987756823795,34.014493842505466,33.25856865581987,35.50522592137733,32.80136604182995
'92',27.240058928944475,25.560517838734263,29.26401251104392,25.905082704175435,25.138546569840095,26.41994294397761,25.807459242145885,30.003498893067437,27.708063516035562,23.714677319739007,23.697818618086295,23.10690950227429,27.683052737613696,25.574191698182492,31.397263582632043,28.03920117780714,28.74155092990428,28.371152995893272,28.48334614832562,30.11501222080361,22.673411679975647,28.24461233689153,22.443347662038263,28.755929781583546,24.45988690393533
'78',24.203661825329615,26.310818765559727,21.95833261329075,22.10964390954251,25.193717305817994,20.696142470272274,24.197313337024532,24.623859900255248,24.67373338310022,19.916429719582645,23.80226694195953,19.05546400457368,22.65602790168397,23.517271444319817,25.935382297378023,24.22746082109671,20.446613682167914,27.552624991434712,27.16548948727873,24.718737120133515,22.73262148700287,25.71313392730373,20.99674329319263,24.620914373924187,22.76776942885869
'98',35.072208736850556,34.61216952187393,40.032232916206475,34.02549239124068,37.38227391152213,32.75429679546254,37.10965186045244,35.538743457065856,37.83935003885971,36.35431569431826,34.19091525641017,34.79426069207304,34.05562848167597,36.66709025491487,37.248891253944684,35.72838902045818,35.57626166726561,41.10564579118559,38.256053037083596,37.07045415617646,38.92443426077217,37.70599952858991,29.947527307822973,42.80705210516641,35.801164166264726
'97',26.044618873805504,27.15314370314765,31.392544342892737,25.141855474074184,33.30152240781541,31.906416429941025,31.77819160614201,30.262192820851784,30.91354926781342,28.964564574443752,26.97327194931212,32.575800241779625,26.58015056808124,28.25703215612213,31.825602889263884,27.85408417086605,22.738539079746385,30.212548983544313,32.68724299845984,33.448565237073566,31.14733053052518,24.443917792070305,29.330124871664257,33.02619820886847,28.544099588722776
'77',26.03253967701613,30.117130214959065,31.58265814233024,25.711523122273366,35.404406406374676,34.01985834698755,35.872233091455726,33.845227578139784,34.047243634888694,30.296096123047494,27.95304536225748,38.18892866437631,27.759263667719985,28.451277411143252,30.7696628470748,29.71382514014841,25.289482053096762,30.766219606590298,33.26525841960406,35.94198322012545,35.148752682688496,25.062618976305377,32.16425222318657,33.7880333636719,30.69037155025689
Node 69,22.885850781251957,28.220460817149373,23.677748082286946,20.01263955225874,30.643174813197138,30.841883898781486,27.988182456507662,32.01655187535894,27.02028442298233,26.57033117373589,24.418063928775517,23.783065169021633,25.149530172880585,28.411404659907447,22.58364150127826,18.4829708784889,21.670711103366465,26.620488937882413,31.888620371744054,30.97402895385649,32.14069428636947,26.300567799236994,30.759144684204056,22.821818041857718,19.094505275210583
