Species,11,12,13,14,15
Thylacinus_cynocephalus,61.26387442,61.26387442,61.26387442,61.26387442,61.26387442
Dasyurus_viverrinus,112.26400720000001,112.26400720000001,112.26400720000001,112.26400720000001,112.26400720000001
Dasyurus_maculatus,52.670165285,52.670165285,52.670165285,52.670165285,52.670165285
Spilocuscus_maculatus,57.896172955,57.896172955,57.896172955,57.896172955,57.896172955
Trichosurus_vulpecula,116.59449613333334,116.59449613333334,116.59449613333334,116.59449613333334,116.59449613333334
Bettongia_tropica,74.43531293000001,74.43531293000001,74.43531293000001,74.43531293000001,74.43531293000001
Bettongia_penicillata,58.91646931333333,58.91646931333333,58.91646931333333,58.91646931333333,58.91646931333333
Aepyprymnus_rufescens,90.239024465,90.239024465,90.239024465,90.239024465,90.239024465
Potorous_tridactylus,126.16967485,126.16967485,126.16967485,126.16967485,126.16967485
Lagostrophus_fasciatus,101.954610535,101.954610535,101.954610535,101.954610535,101.954610535
Petrogale_brachyotis,41.6950896175,41.6950896175,41.6950896175,41.6950896175,41.6950896175
Petrogale_penicillata,54.10028966,54.10028966,54.10028966,54.10028966,54.10028966
Petrogale_persephone,67.359460856,67.359460856,67.359460856,67.359460856,67.359460856
Dendrolagus_bennettianus,47.679500000000004,47.679500000000004,47.679500000000004,47.679500000000004,47.679500000000004
Dendrolagus_goodfellowi,53.95173268799999,53.95173268799999,53.95173268799999,53.95173268799999,53.95173268799999
Dendrolagus_matschiei,111.39427444799999,111.39427444799999,111.39427444799999,111.39427444799999,111.39427444799999
Dendrolagus_lumholtzi,111.48538520777777,111.48538520777777,111.48538520777777,111.48538520777777,111.48538520777777
Thylogale_stigmatica,105.34564295000001,105.34564295000001,105.34564295000001,105.34564295000001,105.34564295000001
Thylogale_thetis,88.1685961275,88.1685961275,88.1685961275,88.1685961275,88.1685961275
Wallabia_bicolor,115.24219595,115.24219595,115.24219595,115.24219595,115.24219595
Notamacropus_irma,116.32274804599999,116.32274804599999,116.32274804599999,116.32274804599999,116.32274804599999
Notamacropus_agilis,47.276566358000004,47.276566358000004,47.276566358000004,47.276566358000004,47.276566358000004
Osphranter_rufus,37.268857749999995,37.268857749999995,37.268857749999995,37.268857749999995,37.268857749999995
Osphranter_robustus,49.081517055,49.081517055,49.081517055,49.081517055,49.081517055
Osphranter_antilopinus,53.97814389333333,53.97814389333333,53.97814389333333,53.97814389333333,53.97814389333333
Macropus_fuliginosus,58.711078500000006,58.711078500000006,58.711078500000006,58.711078500000006,58.711078500000006
Macropus_giganteus,89.598136902,89.598136902,89.598136902,89.598136902,89.598136902
Lagorchestes_conspicillatus,124.32063063333334,124.32063063333334,124.32063063333334,124.32063063333334,124.32063063333334
Lagorchestes_hirsutus,48.054357653333334,48.054357653333334,48.054357653333334,48.054357653333334,48.054357653333334
Setonix_brachyurus,40.96817981333333,40.96817981333333,40.96817981333333,40.96817981333333,40.96817981333333
Onychogalea_unguifera,58.11096931125,58.11096931125,58.11096931125,58.11096931125,58.11096931125
Onychogalea_fraenata,106.995168895,106.995168895,106.995168895,106.995168895,106.995168895
Dorcopsulus_vanheurni,81.49302388666666,81.49302388666666,81.49302388666666,81.49302388666666,81.49302388666666
Hypsiprymnodon_moschatus,63.68330353000001,63.68330353000001,63.68330353000001,63.68330353000001,63.68330353000001
Pseudocheirus_peregrinus,57.90440912833333,57.90440912833333,57.90440912833333,57.90440912833333,57.90440912833333
'14',-65.44798369739613,-63.83751478744023,-60.60356473844245,-58.06742209219512,-58.76495008750444
'25',56.745410786558956,58.577596703881774,63.95812864338004,60.210724728249865,54.07012006534416
'37',-21.762020975812256,-17.14350411969408,-19.21108463844822,-15.249925327103847,-12.481096670295324
'36',77.42525962920223,78.9917281463826,88.1016025007881,83.22199779228198,81.49503376004185
'35',22.620375022180674,17.788140604845786,16.58941882529391,22.644580596756533,17.465614322240448
'34',-9.14627077897057,-17.88282159007658,-2.3967123408258373,-14.710710972311896,-8.33242294868459
'33',57.042615121451185,59.081696989490986,59.11473519148306,61.17704649709257,55.688617804965794
'51',-73.54968012019549,-64.67849588569763,-65.8914804962566,-68.42103159804765,-69.79236094594367
'57',-16.951744789975116,-17.809413534764296,-17.924614447754713,-17.593011184663702,-13.960623785179076
'56',-67.36961617857122,-65.83583296896202,-64.97390218354545,-68.8414588928002,-66.15672700224764
'63',4.824640412607499,7.33597929331693,3.8791717116259345,5.77554221510916,4.705553291995235
'73',27.917763869377744,31.12531327855381,30.169782454297625,32.68186339396831,32.059701003669595
'84',78.7802102711114,77.52842941504014,80.22703467576844,75.32898069777383,73.98450892680302
'82',-50.02380529304656,-49.95898986958152,-51.04613805200972,-48.33504402111631,-47.71327340124375
'13',121.56546410213474,115.5334439210214,112.97535611971763,114.61212534012347,95.37336867533047
'43',-93.80547507697833,-111.69016549331313,-83.57805390565787,-106.71203354778127,-95.00139637608113
'50',-205.95921751937863,-195.96779953179538,-198.60266093842418,-199.19072724375718,-204.75006442455012
'48',59.07819543335122,53.9482807205517,56.932109189631895,59.210587995851945,59.559783619234814
'47',18.946103418629978,18.196293792371183,17.77113136179127,16.728989002181297,16.832973791302972
'49',0.1,0.1,0.1,0.1,0.1
'68',63.631329120251024,55.21716201421445,63.683095021325734,64.18911031073928,68.51061892085883
'60',19.001571988700764,22.078114253815702,21.13718799366813,20.682124495313257,17.037137565439423
'72',-7.3810059381172355,-6.952992284991476,-3.8763719084832022,-3.7467012535183186,-6.099636707246583
'87',-146.82474920955,-143.63671130422432,-139.0245463261166,-131.84644708482296,-136.95443832732946
'83',19.354501315318636,19.817705249350105,17.28091327156998,20.367383120815227,15.756313547155719
'80',0.1,0.1,0.1,0.1,0.1
'79',23.356726157500056,25.39198418430232,25.339258028155257,24.479463315225047,19.850894652483777
'94',-104.8924192971842,-103.82567515645094,-102.95704316830154,-105.72345602523602,-113.91265125900401
'92',-293.6370247312717,-292.71149098921705,-279.5771708298238,-287.4012020297123,-305.72959890647655
'78',-444.64261879916813,-441.3618897057755,-414.74915293679896,-433.2329779436124,-451.0769517128729
'98',-759.2054917695458,-760.3268483411678,-705.6178192072007,-731.5180153649192,-772.8410638244204
'97',629.6805242858179,638.8200887124036,586.837741480201,622.1034724016671,633.1968218673895
'77',-65.52665605882808,-66.68457490492293,-62.533558040816295,-61.95579197837983,-61.22247262960391
Node 69,128.3241447624998,124.47284031585802,126.29500808680974,131.1951823637904,123.05385948174575
